kendall & kylie app,check out kendall and kylie!,Fri Jun 17 22:57:06 +0000 2016,0.0,0.0,743940560906493953,617225706
kendall & kylie app,i m in the 100k club in kendall and kylie. come join me!,Sat Jun 18 00:46:16 +0000 2016,0.0,0.0,743968035250176003,618004616
kendall & kylie app,i m in the 100k club in kendall and kylie. come join me!,Sat Jun 18 00:47:15 +0000 2016,0.0,0.0,743968282294706176,618004715
kendall & kylie app,i m in the 1k club in kendall and kylie. come join me!,Sat Jun 18 01:19:33 +0000 2016,0.0,0.0,743976413020061698,618011933
kendall & kylie app,we re off to montreal with ;,Sat Jun 18 01:44:35 +0000 2016,0.0,0.0,743982712600539136,618014435
kendall & kylie app,help me share this! i m selling kendall ; kylie cut out bustier for 60.00usd in garden grove on the free 5mile .,Sat Jun 18 02:00:04 +0000 2016,0.4,0.8,743986607905079296,618020004
kendall & kylie app,i m in the 1 million club in kendall and kylie. come join me!,Sat Jun 18 02:27:55 +0000 2016,0.0,0.0,743993614963970048,618022755
kendall & kylie app,check out kendall and kylie!please retweet,Sat Jun 18 06:07:48 +0000 2016,0.0,0.0,744048952950022144,618060748
kendall & kylie app,and download the kendall and kylie,Sat Jun 18 06:42:17 +0000 2016,0.0,0.0,744057630033846272,618064217
kendall & kylie app,i m in the 100 club in kendall and kylie. come join me!,Sat Jun 18 07:05:09 +0000 2016,0.0,0.0,744063384916738048,618070509
kendall & kylie app,check out kendall and kylie!looool,Sat Jun 18 10:48:34 +0000 2016,0.0,0.0,744119609608015872,618104834
kendall & kylie app,check out kendall and kylie!yo,Sat Jun 18 11:24:58 +0000 2016,0.0,0.0,744128770177654784,618112458
kendall & kylie app,i m in the 10k club in kendall and kylie. come join me!,Sat Jun 18 12:01:11 +0000 2016,0.0,0.0,744137882735157248,618120111
kendall & kylie app,check out kendall and kylie!help me get 1000 follower x,Sat Jun 18 12:35:19 +0000 2016,0.0,0.0,744146473974116352,618123519
kendall & kylie app,this kylie and kendall be actually decent,Sat Jun 18 12:35:45 +0000 2016,0.16666666666666666,0.6666666666666666,744146584452141056,618123545
kendall & kylie app,$tcehy $gluuv 1.4.0  4.55  iphone world grossing rankings as of jun 17,Sat Jun 18 12:49:28 +0000 2016,0.0,0.0,744150034006958080,618124928
kendall & kylie app,check out kendall and kylie!hi i what you all to go uppppppppp! laugh out loudllll,Sat Jun 18 12:50:16 +0000 2016,0.0,0.0,744150236067663872,618125016
kendall & kylie app,still awake bc i start a timed event on the kendall and kylie and i be very commit to get 5 star so,Sat Jun 18 17:44:26 +0000 2016,0.2,0.3,744224265059217409,618174426
kendall & kylie app,check out kendall and kylie!,Sat Jun 18 18:08:58 +0000 2016,0.0,0.0,744230438814638080,618180858
kendall & kylie app,check out kendall and kylie!,Sat Jun 18 18:32:28 +0000 2016,0.0,0.0,744236353806696450,618183228
kendall & kylie app,this be so cute!! check out kendall and kylie!,Sat Jun 18 19:01:05 +0000 2016,0.9765625,1.0,744243554415968256,618190105
kendall & kylie app,check out kendall and kylie!;,Sun Jun 19 02:43:04 +0000 2016,0.25,1.0,744359816450052096,619024304
kendall & kylie app,start the kendall and kylie !!,Sun Jun 19 03:30:47 +0000 2016,0.0,0.0,744371826046865408,619033047
kendall & kylie app,i create you in kendall and kylie,Sun Jun 19 04:38:18 +0000 2016,0.85,1.0,744388815926796288,619043818
kendall & kylie app,check out kendall and kylie!laugh out loud,Sun Jun 19 08:35:45 +0000 2016,0.8,0.7,744448571747950592,619083545
kendall & kylie app,$tcehy $gluuv 1.4.0  4.55  iphone world grossing rankings as of jun 18,Sun Jun 19 13:16:59 +0000 2016,0.0,0.0,744519345838104576,619131659
kendall & kylie app,hooked on stripe knot front t shirt dress that i find on the pacsun,Sun Jun 19 22:26:48 +0000 2016,0.0,0.0,744657711678300161,619222648
kendall & kylie app,$tcehy $gluuv 1.4.0  4.55  iphone world grossing rankings as of jun 19,Mon Jun 20 12:55:48 +0000 2016,0.0,0.0,744876403485720576,620125548
kendall & kylie app,what do i do this break? i get addict to kendall ; kylie s,Mon Jun 20 13:11:52 +0000 2016,-0.4,0.6,744880446895337472,620131152
kendall & kylie app,my brother ; uncle play the kendall ; kylie be the funniest thing ever,Mon Jun 20 13:40:12 +0000 2016,0.0,0.0,744887576478294017,620134012
kendall & kylie app,download kendall ; kylie s now if you still haven t! you don t know what you re miss,Mon Jun 20 14:10:47 +0000 2016,-0.2,0.05,744895272606564352,620141047
kendall & kylie app,my kendall and kylie isn t working,Mon Jun 20 17:41:45 +0000 2016,0.0,0.0,744948367592132608,620174145
kendall & kylie app,i must truly love i even delete the kendall and kylie for this.,Mon Jun 20 18:49:30 +0000 2016,0.5,0.6,744965413943992320,620184930
kendall & kylie app,all my pacsun paradise lose photos!,Mon Jun 20 22:59:20 +0000 2016,0.0,0.0,745028287689199617,620225920
kendall & kylie app,kendall ; kyliethis be absolutely amazingeveryone may like itcheck it out,Tue Jun 21 01:44:35 +0000 2016,0.2,0.9,745069875983351808,621014435
kendall & kylie app,hooked on deep v neck bodysuit that i find on the pacsun,Tue Jun 21 04:27:38 +0000 2016,0.0,0.4,745110907479433217,621042738
kendall & kylie app,loving the kendall ; kylie .,Tue Jun 21 09:37:11 +0000 2016,0.6,0.95,745188807029362688,621093711
kendall & kylie app,kendall and kylie be better,Tue Jun 21 13:29:00 +0000 2016,0.5,0.5,745247145591111680,621132900
kendall & kylie app,beating my high score on  like challenge   got me feeling like kylie and kendall,Tue Jun 21 13:42:42 +0000 2016,0.16,0.5399999999999999,745250595947319296,621134242
kendall & kylie app,kendall and kylie,Tue Jun 21 13:53:51 +0000 2016,0.0,0.0,745253401911402496,621135351
kendall & kylie app,kendall and kylie,Tue Jun 21 14:10:31 +0000 2016,0.0,0.0,745257594269241344,621141031
kendall & kylie app,$tcehy $gluuv 1.4.0  4.55  iphone world grossing rankings as of jun 20,Tue Jun 21 14:42:50 +0000 2016,0.0,0.0,745265726336958464,621144250
kendall & kylie app,i m in the 1k club in kendall and kylie. come join me!,Tue Jun 21 15:46:25 +0000 2016,0.0,0.0,745281730576261120,621154625
kendall & kylie app,think i get a crush on emily sun from the kendall ; kylie game,Tue Jun 21 17:28:22 +0000 2016,-0.4,0.4,745307387431518208,621172822
kendall & kylie app,check out kendall and kylie!,Tue Jun 21 20:53:39 +0000 2016,0.0,0.0,745359047210176512,621205339
kendall & kylie app,i m addict to kendall;kylie !!! loving it so farrr,Tue Jun 21 21:47:23 +0000 2016,-0.09062500000000001,0.7749999999999999,745372567507247104,621214723
kendall & kylie app,i m addict to kendall;kylie !!! loving it so farrr,Tue Jun 21 21:47:51 +0000 2016,-0.09062500000000001,0.7749999999999999,745372686809849856,621214751
kendall & kylie app,do your ass know i even get over 70m follower on the kendall and kylie,Wed Jun 22 08:52:57 +0000 2016,0.1,0.8,745540066051686401,622085257
kendall & kylie app,$tcehy $gluuv 1.4.0  4.55  iphone world grossing rankings as of jun 21,Wed Jun 22 13:05:30 +0000 2016,0.0,0.0,745603620570300416,622130530
kendall & kylie app,beating level 20 in the  respeck on my name  got me like kendall and kylie jenner,Wed Jun 22 14:34:18 +0000 2016,0.0,0.0,745625967218069505,622143418
kendall & kylie app,the kendall and kylie be decentload of drama hen,Wed Jun 22 19:03:29 +0000 2016,0.16666666666666666,0.6666666666666666,745693712269848576,622190329
kendall & kylie app,i may or may not have download the kendall and kylie hi,Wed Jun 22 22:44:22 +0000 2016,0.0,0.0,745749295467376640,622224422
kendall & kylie app,im in the 1k club in kendall and kylie. come join me!,Thu Jun 23 05:21:25 +0000 2016,0.0,0.0,745849218435321856,623052125
kendall & kylie app,i m in the 1 million club in kendall and kylie. come join me!,Thu Jun 23 10:33:20 +0000 2016,0.0,0.0,745927713794428928,623103320
kendall & kylie app,do xx sorry late,Thu Jun 23 12:05:16 +0000 2016,-0.4,0.8,745950851546550274,623120516
kendall & kylie app,$tcehy $gluuv 1.4.0  4.55  iphone world grossing rankings as of jun 22,Thu Jun 23 12:53:31 +0000 2016,0.0,0.0,745962991548506112,623125331
kendall & kylie app,im loving  kendall and kylie  oh my god,Thu Jun 23 13:08:03 +0000 2016,0.6,0.95,745966650101379073,623130803
kendall & kylie app,check out kendall and kylie!,Thu Jun 23 13:45:22 +0000 2016,0.0,0.0,745976042230325248,623134522
kendall & kylie app,i m in the 10k club in kendall and kylie. come join me! im famoose binch,Thu Jun 23 14:58:56 +0000 2016,0.0,0.0,745994555380596738,623145856
kendall & kylie app,download the kendall and kylie to fill the void in my vapid materialistic existence,Thu Jun 23 15:29:54 +0000 2016,-0.3,0.3,746002350045696006,623152954
kendall & kylie app,i be just play the kendall and kylie and this pop up im freaking out its,Thu Jun 23 23:26:42 +0000 2016,0.0,0.0,746122340795199488,623232642
kendall & kylie app,you re on the kendall and kylie i m freaking out!!,Thu Jun 23 23:30:56 +0000 2016,0.0,0.0,746123405687042048,623233056
kendall & kylie app,i be just play the kendall and kylie and this pop up im freaking out its,Thu Jun 23 23:32:43 +0000 2016,0.0,0.0,746123854850887680,623233243
kendall & kylie app,you re on the kendall and kylie i m freaking out!!,Thu Jun 23 23:33:20 +0000 2016,0.0,0.0,746124007364300801,623233320
kendall & kylie app,alright but can i tell about how my boyfriend on the kendall and kylie break up with me. i can t even have a relationship on that game.,Fri Jun 24 01:19:43 +0000 2016,-0.4,0.4,746150782261665794,624011943
kendall & kylie app,just get so mad at kendall and kylie and delete the,Fri Jun 24 02:05:49 +0000 2016,-0.625,1.0,746162382037225472,624020549
kendall & kylie app,okay this be go to be an ugly tweet but i waste my gem on the kendall and kylie on energy and then i get 2 energy 5 second later,Fri Jun 24 04:17:57 +0000 2016,-0.09999999999999999,0.375,746195633157996545,624041757
kendall & kylie app,$tcehy $gluuv 1.4.0  4.55  iphone world grossing rankings as of jun 23,Fri Jun 24 12:52:43 +0000 2016,0.0,0.0,746325177642913793,624125243
kendall & kylie app,so i download the kendall and kylie uhmm.. i don t know why,Fri Jun 24 15:21:41 +0000 2016,0.0,0.0,746362669557440512,624152141
kendall & kylie app,i liked a video fromkendall ; kylie game | part 3  new pet,Fri Jun 24 15:34:14 +0000 2016,0.12670454545454543,0.5272727272727273,746365826056491008,624153414
kendall & kylie app,look so good in the kendall and kylie,Fri Jun 24 21:47:01 +0000 2016,0.7,0.6000000000000001,746459639219314689,624214701
kendall & kylie app,look so good in the kendall and kylie,Fri Jun 24 21:48:34 +0000 2016,0.7,0.6000000000000001,746460030979833856,624214834
kendall & kylie app,check out kendall and kylie!&lt;3,Sat Jun 25 00:10:09 +0000 2016,0.0,0.0,746495662771011585,625001009
kendall & kylie app,oh okay uhm neko atsume !!,Sat Jun 25 12:54:40 +0000 2016,0.540625,0.35,746688058104283140,625125440
kendall & kylie app,$tcehy $gluuv 1.4.0  4.55  iphone world grossing rankings as of jun 24,Sat Jun 25 12:56:50 +0000 2016,0.0,0.0,746688604668366848,625125650
kendall & kylie app,go to the store and by kendall and kylie game,Sat Jun 25 13:33:10 +0000 2016,-0.4,0.4,746697747626090496,625133310
kendall & kylie app,downloaded the kendall and kylie  hays anez na? kumusta naman ang life,Sat Jun 25 15:02:34 +0000 2016,0.0,0.0,746720243733585920,625150234
kendall & kylie app,kendall;kylie be so fun!!,Sat Jun 25 15:14:26 +0000 2016,0.46875,0.2,746723231021686784,625151426
kendall & kylie app,i m in the 100 club in kendall and kylie. come join me!,Sat Jun 25 20:34:42 +0000 2016,-0.2,0.65,746803827492302848,625203442
kendall & kylie app,what the fuck i earn 200+ gem ; reach 100k for kendall;kylie game aft month ; my phone get stuck ; it get back to 70k ; 6 gems.piece of shit,Sat Jun 25 21:56:19 +0000 2016,-0.275,0.55,746824368005648384,625215619
kendall & kylie app,my amaze new look thank to kendall and kylie!,Sat Jun 25 22:04:05 +0000 2016,0.19318181818181818,0.32727272727272727,746826321246957568,625220405
kendall & kylie app,getting past level 40 on  like challenge  got kendall and kylie like,Sun Jun 26 01:59:57 +0000 2016,-0.25,0.25,746885681343979520,626015957
kendall & kylie app,check out kendall and kylie!#,Sun Jun 26 03:15:29 +0000 2016,0.0,0.0,746904687710978049,626031529
kendall & kylie app,kendall and kylie by glu game inc go download kendall and kylie s it s great,Sun Jun 26 04:34:39 +0000 2016,0.0,0.0,746924613133864961,626043439
kendall & kylie app,i m in the 100 club in kendall and kylie. come join me! i restart it again,Sun Jun 26 08:42:35 +0000 2016,0.0,0.0,746987005171531776,626084235
kendall & kylie app,holy shit the kendall and kylie be large i have to delete three s. but that ok,Sun Jun 26 09:14:54 +0000 2016,0.1714285714285714,0.5761904761904763,746995138296090629,626091454
kendall & kylie app,i m soooooo obsessed with the kendall and kylie,Sun Jun 26 11:19:14 +0000 2016,-0.5,1.0,747026427447377925,626111914
kendall & kylie app,$tcehy $gluuv 1.4.0  4.55  iphone world grossing rankings as of jun 25,Sun Jun 26 13:12:59 +0000 2016,0.0,0.0,747055053983330304,626131259
kendall & kylie app,kendall and kylie s s just drop and your life will never be the same,Sun Jun 26 13:21:46 +0000 2016,0.0,0.125,747057265153179648,626132146
kendall & kylie app,kendall and kylie s game be amazing,Sun Jun 26 13:26:56 +0000 2016,0.10000000000000003,0.65,747058565433569281,626132656
kendall & kylie app,obsesed with the kylie and kendall game now,Sun Jun 26 16:02:51 +0000 2016,-0.4,0.4,747097803592175616,626160251
kendall & kylie app,laugh out loud playing kendall and kylie .. and yes i like it,Sun Jun 26 17:57:21 +0000 2016,0.8,0.7,747126619148419073,626175721
kendall & kylie app,check out kendall and kylie!so cool,Sun Jun 26 20:00:39 +0000 2016,0.0,0.0,747157648399753218,626200039
kendall & kylie app,that kendall and kylie fashion show be amazing!,Sun Jun 26 23:16:16 +0000 2016,0.7500000000000001,0.9,747206877566603264,626231616
kendall & kylie app,my kendall and kylie doesn t work,Mon Jun 27 01:07:58 +0000 2016,0.0,0.0,747234985627705345,627010758
kendall & kylie app,i m loving this new,Mon Jun 27 03:16:48 +0000 2016,0.36818181818181817,0.7022727272727273,747267409287876610,627031648
kendall & kylie app,you know you re really fucking bore when you download the kendall ; kylie,Mon Jun 27 04:32:57 +0000 2016,-0.5,1.0,747286570701455367,627043257
kendall & kylie app,we re off to montreal with ;,Mon Jun 27 06:35:11 +0000 2016,0.0,0.0,747317331945127936,627063511
kendall & kylie app,ignore everyone bc play the kendall and kylie,Mon Jun 27 12:53:07 +0000 2016,0.0,0.0,747412442183983104,627125307
kendall & kylie app,$tcehy $gluuv 1.4.0  4.55  iphone world grossing rankings as of jun 26,Mon Jun 27 13:01:04 +0000 2016,0.0,0.0,747414443198414848,627130104
kendall & kylie app,be i the only one who play kendall and kylie here?,Mon Jun 27 14:18:22 +0000 2016,0.0,1.0,747433898804576256,627141822
kendall & kylie app,when you find on the kylie and kendall game,Mon Jun 27 20:40:30 +0000 2016,-0.4,0.4,747530062572953601,627204030
kendall & kylie app,when you find on the kylie and kendall game,Mon Jun 27 20:41:04 +0000 2016,-0.4,0.4,747530208912244738,627204104
kendall & kylie app,ariana have some love so much your so much love you so much king so much thank you i m level 8 on kylie and kendall,Mon Jun 27 21:04:22 +0000 2016,0.31999999999999995,0.36,747536071186079744,627210422
kendall & kylie app,kendall ; kylie is always wanting me to  come back ; play,Mon Jun 27 21:47:20 +0000 2016,0.175,0.275,747546883934007296,627214720
kendall & kylie app,kendall ; kylie is always wanting me to  come back ; play,Mon Jun 27 21:47:26 +0000 2016,0.175,0.275,747546910173560833,627214726
kendall & kylie app,i want to succumb to my instinct and get that kendall and kylie . i m so disoint in me,Tue Jun 28 00:28:04 +0000 2016,-0.375,0.4375,747587332954460160,628002804
kendall & kylie app,hooked on reversible stry bralette bikini top that i find on the pacsun,Tue Jun 28 02:56:08 +0000 2016,0.5,0.5,747624597680447488,628025608
kendall & kylie app,i m addict to the kendall and kylie game,Tue Jun 28 03:34:47 +0000 2016,-0.4,0.5,747634320890728448,628033447
kendall & kylie app,play respeck on my name get me like kendall and kylie jenner,Tue Jun 28 11:27:14 +0000 2016,0.0,0.0,747753216331423745,628112714
kendall & kylie app,$tcehy $gluuv 1.4.0  4.55  iphone world grossing rankings as of jun 27,Tue Jun 28 12:55:37 +0000 2016,0.0,0.0,747775461216948224,628125537
kendall & kylie app,i m play kendall ; kylie s,Tue Jun 28 14:48:37 +0000 2016,0.0,0.0,747803896744017920,628144837
kendall & kylie app,how to play kendall ; kylie game,Tue Jun 28 14:53:59 +0000 2016,-0.4,0.4,747805247834193921,628145359
kendall & kylie app,throwback of khlo and kylie from kylie s,Tue Jun 28 15:47:58 +0000 2016,0.0,0.0,747818832954298368,628154758
kendall & kylie app,wake up early just to play kendall ; kylie,Tue Jun 28 22:05:53 +0000 2016,0.1,0.3,747913941548838912,628220553
kendall & kylie app,the kendall and kylie resta my whole fucking game. what the fuck im so mad,Wed Jun 29 02:53:07 +0000 2016,-0.30625,0.6,747986223847727105,629025307
kendall & kylie app,i m in the 100 club in kendall and kylie. come join me!,Wed Jun 29 06:05:55 +0000 2016,0.0,0.0,748034744177287169,629060555
kendall & kylie app,oh my god??! this be insane you re in an with kylie and kendall i m die,Wed Jun 29 12:28:36 +0000 2016,-1.0,1.0,748131051537563648,629122836
kendall & kylie app,$tcehy $gluuv 1.4.0  4.55  iphone world grossing rankings as of jun 28,Wed Jun 29 12:50:56 +0000 2016,0.0,0.0,748136669098942465,629125056
kendall & kylie app,the best kendall and kylie,Wed Jun 29 17:42:26 +0000 2016,1.0,0.3,748210028297990144,629174226
kendall & kylie app,play the kylie and kendall . i find it a bit bore,Wed Jun 29 18:45:34 +0000 2016,-1.0,1.0,748225915541463041,629184534
kendall & kylie app,be just casually play the kylie and kendall when all of a sudden .,Wed Jun 29 18:55:01 +0000 2016,-0.25000000000000006,0.6833333333333333,748228294219341825,629185501
kendall & kylie app,i m in the 100 club in kendall and kylie. come join me! please,Wed Jun 29 19:49:00 +0000 2016,0.0,0.0,748241879414738944,629194900
kendall & kylie app,now free!,Wed Jun 29 22:10:14 +0000 2016,0.5,0.8,748277420755550208,629221014
kendall & kylie app,spinrilla,Thu Jun 30 00:34:11 +0000 2016,0.0,0.0,748313648678858752,630003411
kendall & kylie app,why cant i date perry young on kendall ; kylie s new ? he s so nice..,Thu Jun 30 02:39:23 +0000 2016,0.27878787878787875,0.6181818181818182,748345155153846273,630023923
kendall & kylie app,youre wasting your time. delete that,Thu Jun 30 03:08:19 +0000 2016,-0.4,0.4,748352436142751744,630030819
kendall & kylie app,$tcehy $gluuv 1.4.0  4.55  iphone world grossing rankings as of jun 29,Thu Jun 30 12:46:39 +0000 2016,0.0,0.0,748497978239913985,630124639
kendall & kylie app,life would be much easier if it be like the kendall and kylie,Thu Jun 30 16:05:57 +0000 2016,0.2,0.2,748548136038064129,630160557
kendall & kylie app,unseen photo of kylie,Thu Jun 30 17:47:00 +0000 2016,0.0,0.0,748573567089016836,630174700
kendall & kylie app,unseen photo of kylie,Thu Jun 30 17:47:59 +0000 2016,0.0,0.0,748573811998593024,630174759
kendall & kylie app,things i want ariana to release  guys clothes candles an  like kendall ; kylie  remix album of dw concert tour dvdblu ray,Thu Jun 30 18:18:53 +0000 2016,0.0,0.0,748581587957256193,630181853
kendall & kylie app,i just subscribe to kendall and kylie jenner s and i think i deserve a michael kor bag just for do that,Thu Jun 30 18:42:39 +0000 2016,0.0,0.0,748587568514600961,630184239
kendall & kylie app,things i want ariana to release  guys clothes candles an  like kendall ; kylie  remix album of dw concert tou,Thu Jun 30 18:51:37 +0000 2016,0.0,0.0,748589825448632320,630185137
kendall & kylie app,how do i sign into kendall and kylie with twitter ???,Thu Jun 30 19:31:23 +0000 2016,0.0,0.0,748599834148474881,630193123
kendall & kylie app,hopefully at some point you can trade in your boyfriend in the kendall and kylie for a real boyfriend..if not i have waste lot of time,Fri Jul 01 03:35:07 +0000 2016,0.0,0.15000000000000002,748721571381010433,701033507
kendall & kylie app,check out kendall and kylie!,Fri Jul 01 04:19:57 +0000 2016,0.0,0.0,748732854058692608,701041957
kendall & kylie app,check out kendall and kylie!,Fri Jul 01 05:03:55 +0000 2016,0.0,0.0,748743918796218368,701050355
kendall & kylie app,store games  the kendall and kylie game is coming soon.,Fri Jul 01 05:11:08 +0000 2016,-0.4,0.4,748745734942367744,701051108
kendall & kylie app,new old picture of kendall and kylie on kendall s ; kylie s,Fri Jul 01 05:12:48 +0000 2016,0.11818181818181818,0.32727272727272727,748746151545806849,701051248
kendall & kylie app,$tcehy $gluuv 1.4.0  4.55  iphone world grossing rankings as of jun 30,Fri Jul 01 13:05:29 +0000 2016,0.0,0.0,748865107107516416,701130529
kendall & kylie app,^ ^ updatejenner kylie post a special message to her fan regard kylie cosmetic on her . check it out!,Fri Jul 01 16:53:47 +0000 2016,0.44642857142857145,0.5714285714285714,748922560486711297,701165347
kendall & kylie app,^ ^ updatejenner  kyliejenner giveaway alert! i signed a polaroid from my puma shoot on my,Fri Jul 01 19:14:35 +0000 2016,0.0,0.0,748957993346199552,701191435
kendall & kylie app,download the kendall ; kylie game at the store,Sat Jul 02 01:50:43 +0000 2016,-0.4,0.4,749057684721270786,702015043
kendall & kylie app,you must be the one who hack the kendall and kylie thing lmao,Sat Jul 02 02:12:42 +0000 2016,0.6,1.0,749063217763250176,702021242
kendall & kylie app,$tcehy $gluuv 1.4.0  4.55  iphone world grossing rankings as of jul 1,Sat Jul 02 12:50:06 +0000 2016,0.0,0.0,749223623584546816,702125006
kendall & kylie app,can taylor swift please release her game now huhu the kendall;kylie game have so many bug im so tired of the stress,Sat Jul 02 13:37:32 +0000 2016,-0.17500000000000002,0.5,749235559634087936,702133732
kendall & kylie app,android kendall ; kylie 50% discount!,Sat Jul 02 17:39:29 +0000 2016,0.0,0.0,749296448576057344,702173929
kendall & kylie app,kendall ; kylie 50% discount!,Sat Jul 02 17:39:31 +0000 2016,0.0,0.0,749296457837080577,702173931
kendall & kylie app,kendall and kylie be do eyyyyy,Sat Jul 02 19:19:13 +0000 2016,0.0,0.0,749321547840495617,702191913
kendall & kylie app,check out kendall and kylie!i hate layla sooo much,Sat Jul 02 20:51:11 +0000 2016,-0.30000000000000004,0.55,749344691385094144,702205111
kendall & kylie app,this really look like the kendall and kylie,Sat Jul 02 21:16:56 +0000 2016,0.2,0.2,749351173736505344,702211656
kendall & kylie app,spend 4 on a dress on the kendall ; kylie ; ive never be more disointed in her..,Sat Jul 02 22:15:14 +0000 2016,-0.11666666666666665,0.45,749365844396875777,702221514
kendall & kylie app,i love kendall amd kylie s,Sat Jul 02 22:48:32 +0000 2016,0.5,0.6,749374224049983489,702224832
kendall & kylie app,check out kendall and kylie!,Sun Jul 03 01:07:53 +0000 2016,0.0,0.0,749409292386594816,703010753
kendall & kylie app,can someone hack my kendall and kylie,Sun Jul 03 05:12:21 +0000 2016,0.0,0.0,749470817172369408,703051221
kendall & kylie app,download the kendall and kylie what have i do,Sun Jul 03 05:29:49 +0000 2016,0.0,0.0,749475210483470336,703052949
kendall & kylie app,kendall and kylie be soooo good,Sun Jul 03 11:21:33 +0000 2016,0.7,0.6000000000000001,749563729130364928,703112133
kendall & kylie app,$tcehy $gluuv 1.4.0  4.55  iphone world grossing rankings as of jul 2,Sun Jul 03 13:00:02 +0000 2016,0.0,0.0,749588513650278400,703130002
kendall & kylie app,that panic moment when hapit nako maapsan sa number one spot sa kendall+kylie game . laugh out loud.,Sun Jul 03 13:50:49 +0000 2016,-0.4,0.4,749601290628378624,703135049
kendall & kylie app,i m in the 100 club in kendall and kylie. come join me! i love game,Sun Jul 03 13:58:29 +0000 2016,0.5,0.6,749603222428549120,703135829
kendall & kylie app,do u have the kendall and kylie ?,Sun Jul 03 18:47:47 +0000 2016,0.0,0.0,749676025752260609,703184747
kendall & kylie app,i m in the 1k club in kendall and kylie. come join me!,Sun Jul 03 18:55:08 +0000 2016,0.0,0.0,749677875406770177,703185508
kendall & kylie app,i m in the 100 club in kendall and kylie. come join me!  i m doing this for more coins,Sun Jul 03 21:56:08 +0000 2016,0.5,0.5,749723424726126592,703215608
kendall & kylie app,why are you single?  it probably has something to do with the fact i do things like subscribe to the kylie jenner . and kendall s,Sun Jul 03 22:42:49 +0000 2016,-0.07142857142857142,0.21428571428571427,749735174586376192,703224249
kendall & kylie app,latest tech check kendall and kyly make million,Mon Jul 04 03:07:49 +0000 2016,0.5,0.9,749801865341235200,704030749
kendall & kylie app,i add a video to a playlist what the heck | kendall ; kylie new ?,Mon Jul 04 10:59:37 +0000 2016,0.13636363636363635,0.45454545454545453,749920597090729984,704105937
kendall & kylie app,$tcehy $gluuv 1.4.0  4.55  iphone world grossing rankings as of jul 3,Mon Jul 04 12:56:11 +0000 2016,0.0,0.0,749949931457249280,704125611
kendall & kylie app,for some bloody stupid reason,Mon Jul 04 13:23:42 +0000 2016,-0.5388888888888889,0.6472222222222221,749956854122373120,704132342
kendall & kylie app,$tcehy $gluuv 1.4.0  4.55  iphone world grossing rankings as of jul 4,Tue Jul 05 13:05:37 +0000 2016,0.0,0.0,750314692590133248,705130537
kendall & kylie app,20 celeb worthy find from,Tue Jul 05 19:00:24 +0000 2016,0.625,0.5,750403976084860929,705190024
kendall & kylie app,20 celeb worthy find from,Tue Jul 05 19:27:26 +0000 2016,0.625,0.5,750410778004586497,705192726
kendall & kylie app,brings popsugar content to kendall ; kylie lifestyle simulation game. read more  $gluu,Tue Jul 05 20:22:25 +0000 2016,0.04999999999999999,0.45,750424618318434305,705202225
kendall & kylie app,$tcehy $gluuv 2.0.0 ios update released  4.55,Tue Jul 05 21:20:31 +0000 2016,0.0,0.0,750439238081077248,705212031
kendall & kylie app,just have fun playkng kendall ; kylie ..,Sat Jul 09 11:54:17 +0000 2016,0.3,0.2,751746291886006272,709115417
kendall & kylie app,check out kendall and kylie!javing so much fun!!!,Sat Jul 09 11:57:53 +0000 2016,0.5859375,0.2,751747196354166784,709115753
kendall & kylie app,$tcehy $gluuv 2.0.0  4.55  iphone world grossing rankings as of jul 8,Sat Jul 09 13:02:24 +0000 2016,0.0,0.0,751763432312074240,709130224
kendall & kylie app,just have the urge to play kendall and kylie but i have to remind myself that i delete that bc i be addict and it be unhealthy,Sat Jul 09 16:49:49 +0000 2016,-0.4,0.6499999999999999,751820666014498816,709164949
kendall & kylie app,my new insomnia. kendall ; kylie . easy,Sat Jul 09 17:33:31 +0000 2016,0.17393939393939392,0.5025757575757576,751831664460910592,709173331
kendall & kylie app,i m in the 1 million club in kendall and kylie. come join me! yass,Sat Jul 09 17:42:16 +0000 2016,0.0,0.0,751833865002426368,709174216
kendall & kylie app,so i be now live vicariously on the kendall ; kylie hahahah why do i even download this i need help,Sat Jul 09 17:52:29 +0000 2016,0.0,0.0,751836435058003968,709175229
kendall & kylie app,all i have be do be play the episode,Sat Jul 09 18:26:33 +0000 2016,0.0,0.0,751845009482256384,709182633
kendall & kylie app,do you know your on kendall and kylie,Sat Jul 09 18:29:49 +0000 2016,0.0,0.0,751845832920530945,709182949
kendall & kylie app,play kendall and kylie,Sat Jul 09 18:55:48 +0000 2016,0.0,0.0,751852371861352448,709185548
kendall & kylie app,when you find out joey be on the kendall and kylie for escape the night,Sat Jul 09 22:05:25 +0000 2016,0.0,0.0,751900087144452096,709220525
kendall & kylie app,outfit on the kendall and kylie,Sat Jul 09 23:52:56 +0000 2016,-0.2,0.4,751927147606970369,709235256
kendall & kylie app,pokemon go and the kendall and kylie take over my life.,Sun Jul 10 03:07:03 +0000 2016,0.0,0.0,751975995494760448,710030703
kendall & kylie app,just spend another $5 on the kendall ; kylie so now i really hate myself,Sun Jul 10 03:54:26 +0000 2016,-0.45,0.5,751987923965337600,710035426
kendall & kylie app,check out kendall and kylie!hy!!!!!,Sun Jul 10 04:56:18 +0000 2016,1.0,1.0,752003490696671232,710045618
kendall & kylie app,i just make my kendall and kylie character look like you,Sun Jul 10 05:18:43 +0000 2016,0.5,0.6,752009132824096768,710051843
kendall & kylie app,laugh out loud i miss playing sssmt delete that last sem haaha along with kendall;kylie hahahaaahhaha,Sun Jul 10 06:31:43 +0000 2016,0.4,0.3833333333333333,752027504609603585,710063143
kendall & kylie app,check out kendall and kylie!v,Sun Jul 10 06:34:55 +0000 2016,0.0,0.0,752028306996953088,710063455
kendall & kylie app,i just make my kendall and kylie character look like you,Sun Jul 10 13:05:21 +0000 2016,0.5,0.6,752126565400489984,710130521
kendall & kylie app,$tcehy $gluuv 2.0.0  4.55  iphone world grossing rankings as of jul 9,Sun Jul 10 13:09:12 +0000 2016,0.0,0.0,752127532196069377,710130912
kendall & kylie app,check out kendall and kylie!me,Sun Jul 10 13:19:33 +0000 2016,0.0,0.0,752130137223733248,710131933
kendall & kylie app,practically like shopping withirl,Sun Jul 10 17:44:27 +0000 2016,0.0,0.0,752196802909175808,710174427
kendall & kylie app,hooked on kendall ; kylie crochet bralette that i find on the pacsun .,Sun Jul 10 19:57:20 +0000 2016,0.0,0.0,752230244577312768,710195720
kendall & kylie app,i keep switch between the kim k and the kendall and kylie because i m wait for my energy to get back,Sun Jul 10 22:16:58 +0000 2016,0.0,0.0,752265383424524289,710221658
kendall & kylie app,i stg the kendall ; kylie have ruin me,Sun Jul 10 22:53:36 +0000 2016,0.0,0.0,752274602953412608,710225336
kendall & kylie app,check out kendall and kylie!,Mon Jul 11 01:51:50 +0000 2016,0.0,0.0,752319455263199234,711015150
kendall & kylie app,i m in the 1k club in kendall and kylie. come join me! as a guy,Mon Jul 11 02:47:37 +0000 2016,0.0,0.0,752333493921652736,711024737
kendall & kylie app,i m addict to kendall ; kylie s why,Mon Jul 11 03:27:34 +0000 2016,-0.4,0.6,752343549555970053,711032734
kendall & kylie app,i m addict to kendall ; kylie s why,Mon Jul 11 03:30:05 +0000 2016,-0.4,0.6,752344180676976641,711033005
kendall & kylie app,i remember have the kendall kylie and i be top,Mon Jul 11 03:45:07 +0000 2016,0.5,0.5,752347965470089216,711034507
kendall & kylie app,leave kendall;kylie game .,Mon Jul 11 04:15:10 +0000 2016,0.0,0.0,752355528316030976,711041510
kendall & kylie app,$tcehy $gluuv 2.0.0  4.55  iphone world grossing rankings as of jul 10,Mon Jul 11 12:58:24 +0000 2016,0.0,0.0,752487203381575680,711125824
kendall & kylie app,from amateur sex tape to forbe cover,Mon Jul 11 18:17:29 +0000 2016,-0.25,0.25,752567505382670336,711181729
kendall & kylie app,shop kendall and kylie s summer closet  via,Mon Jul 11 20:48:29 +0000 2016,0.0,0.0,752605502190809088,711204829
kendall & kylie app,play kendall and kylie have fun,Mon Jul 11 21:49:13 +0000 2016,0.3,0.2,752620788360966144,711214913
kendall & kylie app,this kendall ; kylie jenner be addictive !,Mon Jul 11 22:10:43 +0000 2016,0.0,0.9,752626198463836161,711221043
kendall & kylie app,i can t even play the kendall ; kylie wo fucking something up lmao,Mon Jul 11 23:54:10 +0000 2016,0.0,0.9,752652234488483840,711235410
kendall & kylie app,see how my lip kit look on different skin tone,Mon Jul 11 23:55:13 +0000 2016,0.0,0.6,752652497756491776,711235513
kendall & kylie app,i get the hack for the kendall and kylie and i ve livinggg for it,Tue Jul 12 00:01:38 +0000 2016,0.0,0.0,752654113251426305,712000138
kendall & kylie app,samantha always get me obsessed w the kendall ; kylie once i ve finally get over it,Tue Jul 12 00:57:16 +0000 2016,-0.25,1.0,752668110402965504,712005716
kendall & kylie app,samantha always get me obsessed w the kendall ; kylie once i ve finally get over it,Tue Jul 12 01:43:05 +0000 2016,-0.25,1.0,752679641245253632,712014305
kendall & kylie app,after convince myself to delete the kendall and kylie,Tue Jul 12 05:32:46 +0000 2016,0.4166666666666667,0.65,752737442545840128,712053246
kendall & kylie app,after convince myself to delete the kendall and kylie,Tue Jul 12 05:33:11 +0000 2016,0.4166666666666667,0.65,752737550893060096,712053311
kendall & kylie app,kendall and kylie hack cheat free for android apk and io,Tue Jul 12 09:55:12 +0000 2016,0.4,0.8,752803488757850112,712095512
kendall & kylie app,from amateur sex tape to forbe cover,Tue Jul 12 11:03:43 +0000 2016,-0.25,0.25,752820731260657664,712110343
kendall & kylie app,$tcehy $gluuv 2.0.0  4.55  iphone world grossing rankings as of jul 11,Tue Jul 12 12:56:51 +0000 2016,0.0,0.0,752849199297732608,712125651
kendall & kylie app,i just download the kylie,Tue Jul 12 13:23:24 +0000 2016,0.0,0.0,752855881172283393,712132324
kendall & kylie app,if you re look for a krew in the kendall and kylie just search for black star you re very welcome to join me,Tue Jul 12 14:43:12 +0000 2016,0.4166666666666667,0.7166666666666667,752875963764109312,712144312
kendall & kylie app,if you re look for a krew in the kendall and kylie just search for black star you re very welcome to join me,Tue Jul 12 14:46:36 +0000 2016,0.4166666666666667,0.7166666666666667,752876822539436032,712144636
kendall & kylie app,i m in the 1000 club in kendall and kylie. come join me!,Tue Jul 12 15:18:00 +0000 2016,0.0,0.0,752884720871018498,712151800
kendall & kylie app,listen to kylie radio but go through kendall s,Tue Jul 12 18:28:59 +0000 2016,0.0,0.0,752932783908089856,712182859
kendall & kylie app,who need pokemongo when you can spend your time on a kendall andor kylie jenner ?!,Tue Jul 12 20:37:40 +0000 2016,0.0,0.0,752965171123851265,712203740
kendall & kylie app,kendall and kylie jenner s debut handbag collection be here,Wed Jul 13 00:02:18 +0000 2016,0.0,0.0,753016667744141312,713000218
kendall & kylie app,you ll never be as addict to pokemon go as we be to the kendall;kylie,Wed Jul 13 04:25:52 +0000 2016,-0.4,0.6,753082994081005569,713042552
kendall & kylie app,life update delete the kylie and kendall,Wed Jul 13 05:11:49 +0000 2016,0.0,0.0,753094559681380352,713051149
kendall & kylie app,you can actually shop ; wardrobe with this .,Wed Jul 13 06:24:58 +0000 2016,0.0,0.1,753112967005208576,713062458
kendall & kylie app,you can actually shop ; wardrobe with this .,Wed Jul 13 07:50:33 +0000 2016,0.0,0.1,753134504294748161,713075033
kendall & kylie app,i m in the 100 club in kendall and kylie. come join me!,Wed Jul 13 08:53:22 +0000 2016,0.0,0.0,753150315990544384,713085322
kendall & kylie app,life hasnt be the same for me ever since i delete my kendall ; kylie,Wed Jul 13 11:49:39 +0000 2016,0.0,0.125,753194675851317249,713114939
kendall & kylie app,kendall ; kylie downloading atm hihi,Wed Jul 13 12:09:51 +0000 2016,0.0,0.0,753199761159630848,713120951
kendall & kylie app,$tcehy $gluuv 2.0.0  4.55  iphone world grossing rankings as of jul 12,Wed Jul 13 12:57:38 +0000 2016,0.0,0.0,753211786262896640,713125738
kendall & kylie app,do anyone know how to download kendall and kylie if the be not available in your country? i can t download it!,Wed Jul 13 14:49:37 +0000 2016,-0.25,0.4,753239966549942274,713144937
kendall & kylie app,kendall + kylie bag be here!!! go kendall and kylie so proud i love the dog key chain my fave,Wed Jul 13 15:33:07 +0000 2016,0.43333333333333335,0.8666666666666667,753250913393909760,713153307
kendall & kylie app,kendall + kylie bag be here!!!,Wed Jul 13 16:18:26 +0000 2016,0.0,0.0,753262319677870080,713161826
kendall & kylie app,kendall + kylie bag be here!!!,Wed Jul 13 17:10:32 +0000 2016,0.0,0.0,753275429629329408,713171032
kendall & kylie app,i get the hack for the kendall and kylie and i ve livinggg for it,Wed Jul 13 20:07:50 +0000 2016,0.0,0.0,753320051525218305,713200750
kendall & kylie app,kendall and kylie by glu game inc be lit,Wed Jul 13 20:27:58 +0000 2016,0.0,0.0,753325116201861123,713202758
kendall & kylie app,i m play kendall and kylie game in real life,Wed Jul 13 21:15:18 +0000 2016,-0.1,0.35000000000000003,753337029329575936,713211518
kendall & kylie app,play kendall and kylie game make me a fashion mogul,Thu Jul 14 00:47:30 +0000 2016,-0.4,0.4,753390430545260544,714004730
kendall & kylie app,i like a video how to unsubscribe from the khloe kendall kim kylie kardashian !,Thu Jul 14 02:29:53 +0000 2016,0.75,0.8,753416195521609728,714022953
kendall & kylie app,i m play the kendall and kylie fame i can t believe i never delete the,Thu Jul 14 04:50:15 +0000 2016,0.0,0.0,753451520834895874,714045015
kendall & kylie app,oh my god kendall and kylie get me new friend hahaha,Thu Jul 14 08:14:26 +0000 2016,0.16818181818181818,0.42727272727272725,753502905441787904,714081426
kendall & kylie app,kendall and kylie install,Thu Jul 14 08:33:02 +0000 2016,0.0,0.0,753507584494022657,714083302
kendall & kylie app,get obsess on kendall and kylie,Thu Jul 14 09:20:48 +0000 2016,-0.5,1.0,753519608259162112,714092048
kendall & kylie app,$tcehy $gluuv 2.0.0  4.55  iphone world grossing rankings as of jul 13,Thu Jul 14 12:52:46 +0000 2016,0.0,0.0,753572951048478720,714125246
kendall & kylie app,check out kendall and kylie! loving this game!,Thu Jul 14 14:08:28 +0000 2016,0.04999999999999999,0.675,753592000478318592,714140828
kendall & kylie app,kendall and kylie,Thu Jul 14 16:06:17 +0000 2016,0.0,0.0,753621650881572864,714160617
kendall & kylie app,kendall kylie tweet,Fri Jul 15 00:03:39 +0000 2016,0.0,0.0,753741782798729216,715000339
kendall & kylie app,i m in the 100 club in kendall and kylie. come join me! yall,Fri Jul 15 04:34:26 +0000 2016,0.0,0.0,753809927940952065,715043426
kendall & kylie app,inlove with the  kylie;kendall,Fri Jul 15 04:54:27 +0000 2016,0.0,0.0,753814966554157056,715045427
kendall & kylie app,i m in the 100k club in kendall and kylie. come join me!,Fri Jul 15 05:37:25 +0000 2016,0.0,0.0,753825777473294336,715053725
kendall & kylie app,be look for a krew in the kendall and kylie .,Fri Jul 15 06:41:42 +0000 2016,0.0,0.0,753841955524661248,715064142
kendall & kylie app,$tcehy $gluuv 2.0.0  4.55  iphone world grossing rankings as of jul 14,Fri Jul 15 12:53:03 +0000 2016,0.0,0.0,753935410456330240,715125303
kendall & kylie app,check out kendall and kylie by glu game inc,Fri Jul 15 16:36:43 +0000 2016,0.0,0.0,753991694442336257,715163643
kendall & kylie app,i m in the 1 million club in kendall and kylie. come join me!,Fri Jul 15 21:27:42 +0000 2016,0.0,0.0,754064925027364865,715212742
kendall & kylie app,some big surprise come soon for my loyal subscriber detail on my !,Fri Jul 15 23:15:37 +0000 2016,0.20833333333333331,0.4666666666666667,754092082365620225,715231537
kendall & kylie app,i m kinda mad.. the kendall and kylie want me to pay to be friend with that s really stupid..,Sat Jul 16 01:15:42 +0000 2016,-0.40833333333333327,0.7000000000000001,754122304175558656,716011542
kendall & kylie app,my kendall and kylie keep freeze as soon as i open it,Sat Jul 16 04:40:30 +0000 2016,-0.375,0.75,754173843724308480,716044030
kendall & kylie app,okay i just hit 1m follower on the kendall ; kylie someone pls hold me,Sat Jul 16 04:54:24 +0000 2016,0.5,0.5,754177339831885824,716045424
kendall & kylie app,kendall ; kylie be so cuuutttee!,Sat Jul 16 05:42:10 +0000 2016,0.0,0.0,754189361143422976,716054210
kendall & kylie app,kendall ; kylie be such an beautiful ass,Sat Jul 16 05:43:37 +0000 2016,0.425,0.75,754189726509244416,716054337
kendall & kylie app,$tcehy $gluuv 2.0.0  4.55  iphone world grossing rankings as of jul 15,Sat Jul 16 12:44:59 +0000 2016,0.0,0.0,754295767427416069,716124459
kendall & kylie app,my 123.5 million follower on the kendall and kylie,Sat Jul 16 18:01:01 +0000 2016,0.0,0.0,754375300121780224,716180101
kendall & kylie app,check out kendall and kylie!justin bieber,Sat Jul 16 22:32:31 +0000 2016,0.0,0.0,754443624490741760,716223231
kendall & kylie app,check out kendall and kylie!hey!!,Sun Jul 17 02:18:24 +0000 2016,0.0,0.0,754500467959398405,717021824
kendall & kylie app,be that kendall and kylie ?,Sun Jul 17 12:04:42 +0000 2016,0.0,0.0,754648016552800257,717120442
kendall & kylie app,$tcehy $gluuv 2.0.11  4.05  iphone world grossing rankings as of jul 16,Sun Jul 17 13:09:04 +0000 2016,0.0,0.0,754664216422907904,717130904
kendall & kylie app,totally judging you for the  kendall and kylie,Sun Jul 17 16:14:37 +0000 2016,0.0,0.75,754710912049610752,717161437
kendall & kylie app,kendall ; kylie on my phone literally make my day hyper,Sun Jul 17 16:55:49 +0000 2016,0.0,0.0,754721276913082368,717165549
kendall & kylie app,check out kendall and kylie!all i do be play this game ok,Sun Jul 17 18:12:16 +0000 2016,0.04999999999999999,0.45,754740519490707456,717181216
kendall & kylie app,its3 30 and i can t sleep because i start an event on the kendall and kylie i need to leave the house at 11 30 tomorrow so,Mon Jul 18 02:28:20 +0000 2016,0.0,0.0,754865355454083072,718022820
kendall & kylie app,check out kendall and kylie!,Mon Jul 18 03:58:32 +0000 2016,0.0,0.0,754888055157301249,718035832
kendall & kylie app,a guy from the kendall;kylie ask me out on a date,Mon Jul 18 06:04:50 +0000 2016,0.2,0.30000000000000004,754919842159980544,718060450
kendall & kylie app,check out kendall and kylie the whores!,Mon Jul 18 07:15:33 +0000 2016,0.0,0.0,754937637325053953,718071533
kendall & kylie app,tell the programmer the content for an wow such talent,Mon Jul 18 09:53:37 +0000 2016,-0.049999999999999996,0.8333333333333334,754977415487684608,718095337
kendall & kylie app,hold the fuck up we can chat on that kylie and kendall ???????? lemme download it again,Mon Jul 18 12:32:20 +0000 2016,-0.4,0.6,755017357806882816,718123220
kendall & kylie app,$tcehy $gluuv 2.0.11  4.55  iphone world grossing rankings as of jul 17,Mon Jul 18 12:48:45 +0000 2016,0.0,0.0,755021490077179904,718124845
kendall & kylie app,check out kendall and kylie!,Mon Jul 18 16:57:34 +0000 2016,0.0,0.0,755084108762603520,718165734
kendall & kylie app,i m in the 10k club in kendall and kylie. come join me! i make that bitch famoussss goddamn!,Mon Jul 18 22:24:37 +0000 2016,0.0,0.0,755166412407246848,718222437
kendall & kylie app,check out kendall and kylie!so,Mon Jul 18 22:35:12 +0000 2016,0.0,0.0,755169074464907265,718223512
kendall & kylie app,check out kendall and kylie!,Mon Jul 18 23:00:52 +0000 2016,0.0,0.0,755175532883476480,718230052
kendall & kylie app,i m in the 100 club in kendall and kylie. come join me! cheguei galera,Mon Jul 18 23:06:06 +0000 2016,0.0,0.0,755176851165814785,718230606
kendall & kylie app,check out kendall and kylie!love it install it it and tell what your name be on i,Tue Jul 19 02:10:38 +0000 2016,0.5,0.6,755223292575756289,719021038
kendall & kylie app,do i want to get real,Tue Jul 19 04:22:10 +0000 2016,-0.09444444444444444,0.5666666666666667,755256390529187840,719042210
kendall & kylie app,check out kendall and kylie!love it,Tue Jul 19 12:40:19 +0000 2016,0.5,0.6,755381757482901504,719124019
kendall & kylie app,$tcehy $gluuv 2.0.11  4.55  iphone world grossing rankings as of jul 18,Tue Jul 19 13:00:01 +0000 2016,0.0,0.0,755386714848362498,719130001
kendall & kylie app,kendall and kylie pa more,Tue Jul 19 13:02:26 +0000 2016,0.5,0.5,755387319721472000,719130226
kendall & kylie app,jk im play that kendall kylie first wait,Tue Jul 19 16:20:40 +0000 2016,0.25,0.3333333333333333,755437207612067840,719162040
kendall & kylie app,check out kendall and kylie!,Tue Jul 19 16:31:14 +0000 2016,0.0,0.0,755439867509616640,719163114
kendall & kylie app,i don t even like kendall and kylie but i have be play their all day,Wed Jul 20 00:12:56 +0000 2016,0.0,0.0,755556056810545152,720001256
kendall & kylie app,ok now you should have an ashley benson like kylie and kendall s one,Wed Jul 20 00:13:45 +0000 2016,0.5,0.5,755556262494994432,720001345
kendall & kylie app,check out my new nigga on the kendall and kylie!,Wed Jul 20 02:15:34 +0000 2016,0.17045454545454544,0.45454545454545453,755586918239305728,720021534
kendall & kylie app,check out kendall and kylie!lo,Wed Jul 20 02:30:01 +0000 2016,0.0,0.0,755590557515350016,720023001
kendall & kylie app,check out kendall and kylie!yeh,Wed Jul 20 03:26:47 +0000 2016,0.0,0.0,755604843213971458,720032647
kendall & kylie app,check out kendall and kylie!yeh hell yeh,Wed Jul 20 05:16:20 +0000 2016,0.0,0.0,755632412848250884,720051620
kendall & kylie app,kendall and kylie jenner in nyc after they reveal their game,Wed Jul 20 09:58:18 +0000 2016,-0.4,0.4,755703368664973312,720095818
kendall & kylie app,$tcehy $gluuv 2.0.11  4.55  iphone world grossing rankings as of jul 19,Wed Jul 20 13:12:36 +0000 2016,0.0,0.0,755752269459681280,720131236
kendall & kylie app,kendall and kylie on the store,Wed Jul 20 14:57:58 +0000 2016,0.0,0.0,755778784473845760,720145758
kendall & kylie app,hooked on cutout embroider goddess neck tank top that i find on the pacsun,Wed Jul 20 16:18:51 +0000 2016,0.5,0.5,755799138302881793,720161851
kendall & kylie app,latest guilty pleasure  thecc,Wed Jul 20 16:38:26 +0000 2016,0.0,0.95,755804066786062337,720163826
kendall & kylie app,i actually download your kendall ; kylie it s be just awesome,Wed Jul 20 20:38:30 +0000 2016,0.5,0.55,755864482493165568,720203830
kendall & kylie app,check out kendall and kylie!h,Wed Jul 20 20:48:00 +0000 2016,0.0,0.0,755866874659962881,720204800
kendall & kylie app,check out kendall and kylie!hell yeh,Wed Jul 20 21:11:30 +0000 2016,0.0,0.0,755872786317541380,720211130
kendall & kylie app,check out kendall and kylie!this game guy,Wed Jul 20 21:17:19 +0000 2016,-0.4,0.4,755874250783756288,720211719
kendall & kylie app,check out kendall and kylie!love this,Wed Jul 20 23:53:46 +0000 2016,0.5,0.6,755913622866374656,720235346
kendall & kylie app,check out kendall and kylie!love this game,Thu Jul 21 01:41:31 +0000 2016,0.04999999999999999,0.5,755940737603153923,721014131
kendall & kylie app,so i redownload the kendall and kylie because i have the hack so i be rich and beautiful and i really feel like feel successful,Thu Jul 21 02:47:11 +0000 2016,0.54375,0.725,755957263085350912,721024711
kendall & kylie app,i agree. the kendall and kylie bad guy look like t shady. like the kim k bad guy be obviously p shitlon,Thu Jul 21 04:19:11 +0000 2016,-0.4124999999999999,0.6145833333333333,755980416528646144,721041911
kendall & kylie app,check out kendall and kylie!,Thu Jul 21 04:59:51 +0000 2016,0.0,0.0,755990651930484736,721045951
kendall & kylie app,i unapologetically play the kendall n kylie game on my phone,Thu Jul 21 06:14:22 +0000 2016,-0.4,0.4,756009402142830592,721061422
kendall & kylie app,$tcehy $gluuv 2.0.11  4.55  iphone world grossing rankings as of jul 20,Thu Jul 21 12:47:38 +0000 2016,0.0,0.0,756108373108678656,721124738
kendall & kylie app,be into the kendall;kylie lately,Thu Jul 21 14:52:14 +0000 2016,-0.3,0.6,756139730555641856,721145214
kendall & kylie app,check out kendall and kylie!coool,Thu Jul 21 22:34:15 +0000 2016,0.0,0.0,756256000349499392,721223415
kendall & kylie app,its basically just like the kim k and kendall ; kylie lmao,Thu Jul 21 23:55:11 +0000 2016,0.6,1.0,756276367319261184,721235511
kendall & kylie app,i m in the 100 club in kendall and kylie. come join me! i have no life,Fri Jul 22 12:21:27 +0000 2016,0.0,0.0,756464169453432832,722122127
kendall & kylie app,$tcehy $gluuv 2.0.11  4.55  iphone world grossing rankings as of jul 21,Fri Jul 22 12:54:23 +0000 2016,0.0,0.0,756472458924863488,722125423
kendall & kylie app,honestly id go to sleep but i have complete my mission on the kylie kendall,Fri Jul 22 19:06:55 +0000 2016,0.6,0.9,756566209156435969,722190655
kendall & kylie app,be the overall you re wear in the picture of your kylie and kendall bag on your apart of your guy clothing line ??,Fri Jul 22 19:09:41 +0000 2016,0.0,0.0,756566906304364545,722190941
kendall & kylie app,be you on the kendall and kylie,Fri Jul 22 23:37:07 +0000 2016,0.0,0.0,756634208009875456,722233707
kendall & kylie app,hooked on crochet side skimpy bikini bottom that i find on the pacsun,Sat Jul 23 12:34:09 +0000 2016,0.0,0.0,756829754242629632,723123409
kendall & kylie app,$tcehy $gluuv 2.0.11  4.55  iphone world grossing rankings as of jul 22,Sat Jul 23 12:46:56 +0000 2016,0.0,0.0,756832971131351041,723124656
kendall & kylie app,who would ve thought it would be  same with kylie ; kendall to launch a $3month ?,Sat Jul 23 13:05:25 +0000 2016,0.0,0.125,756837624782942208,723130525
kendall & kylie app,check out kendall and kylie!one love,Sat Jul 23 13:43:10 +0000 2016,0.5,0.6,756847124059488256,723134310
kendall & kylie app,kendall and kylie jenner just follow me,Sun Jul 24 03:09:49 +0000 2016,0.0,0.0,757050123654352896,724030949
kendall & kylie app,hahahahaha oh no not againi m in the 1k club in kendall and kylie. come join me!,Sun Jul 24 04:46:15 +0000 2016,0.25,0.6,757074391377125376,724044615
kendall & kylie app,after month i decide to delete the kendall and kylie .,Sun Jul 24 05:24:58 +0000 2016,0.0,0.0,757084136523849728,724052458
kendall & kylie app,nothing worse than when u forget u have an event run on the kendall and kylie and end up with 2 star,Sun Jul 24 09:06:51 +0000 2016,-0.4,0.6,757139975637000193,724090651
kendall & kylie app,check out kendall and kylie!laugh out loud,Sun Jul 24 10:38:14 +0000 2016,0.8,0.7,757162972099870720,724103814
kendall & kylie app,mao ning kendall;kylie ?,Sun Jul 24 12:03:02 +0000 2016,0.0,0.0,757184313033043968,724120302
kendall & kylie app,$tcehy $gluuv 2.0.11  4.55  iphone world grossing rankings as of jul 23,Sun Jul 24 13:19:09 +0000 2016,0.0,0.0,757203468545294336,724131909
kendall & kylie app,tomorrow at 10am pst the secret will be reveal on ; the kylie jenner official,Mon Jul 25 06:38:44 +0000 2016,-0.4,0.7,757465087221309440,725063844
kendall & kylie app,i m obsessing over new ;kylie !! it s strongly addictive!,Mon Jul 25 09:17:26 +0000 2016,0.1065340909090909,0.6772727272727272,757505023957929984,725091726
kendall & kylie app,$tcehy $gluuv 2.0.11  4.55  iphone world grossing rankings as of jul 24,Mon Jul 25 12:50:11 +0000 2016,0.0,0.0,757558564995162112,725125011
kendall & kylie app,kim buy my !khloe watch my show!kouney buy our clothes!kylie buy my lip kit!kendall i make ice cream,Mon Jul 25 20:53:15 +0000 2016,0.0,0.0,757680132316286976,725205315
kendall & kylie app,kim buy my !khloe watch my show!kouney buy our clothes!kylie buy my lip kit!kendall i make ice cream,Mon Jul 25 20:53:26 +0000 2016,0.0,0.0,757680179548348416,725205326
kendall & kylie app,the kendall and kylie be throw shade at donald trump i m scream,Tue Jul 26 00:56:42 +0000 2016,0.0,0.0,757741400632926208,726005642
kendall & kylie app,the kendall and kylie be throw shade at donald trump i m scream,Tue Jul 26 01:11:19 +0000 2016,0.0,0.0,757745077817008129,726011119
kendall & kylie app,shoulda be studying. instead,Tue Jul 26 02:49:07 +0000 2016,0.0,0.0,757769689745481728,726024907
kendall & kylie app,$tcehy $gluuv 2.0.11  4.55  iphone world grossing rankings as of jul 25,Tue Jul 26 12:52:53 +0000 2016,0.0,0.0,757921634477047808,726125253
kendall & kylie app,i download kendall ; kylie s last night and i ve already spend about $50. i,Tue Jul 26 15:19:55 +0000 2016,-0.05,0.08333333333333334,757958636517920768,726151955
kendall & kylie app,ok this be super dumb but i m play kendall and kylie s and im go on a date with this absolute hottie,Tue Jul 26 19:52:45 +0000 2016,0.1645833333333333,0.6416666666666666,758027296791994369,726195245
kendall & kylie app,i have 1 million follower on the kendall and kylie lmao,Tue Jul 26 22:37:03 +0000 2016,0.6,1.0,758068644710539264,726223703
kendall & kylie app,cant believe im addict to kendall and kylie s,Tue Jul 26 23:40:13 +0000 2016,-0.4,0.6,758084538748792832,726234013
kendall & kylie app,my cousin just run it to you on the kendall and kylie in an ad.,Wed Jul 27 05:21:22 +0000 2016,0.0,0.0,758170393500913664,727052122
kendall & kylie app,wazaaaaaaaa hahahahai m in the 10k club in kendall and kylie. come join me!,Wed Jul 27 05:29:59 +0000 2016,0.0,0.0,758172563310804992,727052959
kendall & kylie app,$tcehy $gluuv 2.0.11  4.55  iphone world grossing rankings as of jul 26,Wed Jul 27 12:57:42 +0000 2016,0.0,0.0,758285233909366784,727125742
kendall & kylie app,hooked on button down plaid flannel shirt that i find on the pacsun,Wed Jul 27 17:38:52 +0000 2016,0.0,0.0,758355990416883715,727173852
kendall & kylie app,hooked on mock neck keyhole tank top that i find on the pacsun,Wed Jul 27 22:01:51 +0000 2016,0.5,0.5,758422174633832448,727220151
kendall & kylie app,hooked on turtleneck tank dress that i find on the pacsun,Thu Jul 28 03:50:40 +0000 2016,0.0,0.0,758509954508685312,728035040
kendall & kylie app,hooked on v neck slip dress that i find on the pacsun,Thu Jul 28 07:53:51 +0000 2016,0.0,0.0,758571156148359168,728075351
kendall & kylie app,hooked on cutout front mock neck dress that i find on the pacsun,Thu Jul 28 07:54:07 +0000 2016,0.0,0.0,758571221936017410,728075407
kendall & kylie app,glu game inckendall and kylie,Thu Jul 28 12:54:54 +0000 2016,0.0,0.0,758646914703163392,728125454
kendall & kylie app,$tcehy $gluuv 2.0.11  4.55  iphone world grossing rankings as of jul 27,Thu Jul 28 13:02:06 +0000 2016,0.0,0.0,758648728442003457,728130206
kendall & kylie app,hooked on deep v neck ribbed bodycon dress that i find on the pacsun,Thu Jul 28 16:45:19 +0000 2016,0.0,0.4,758704900788420608,728164519
kendall & kylie app,hooked on racerback ribbed midi dress that i find on the pacsun,Thu Jul 28 22:35:16 +0000 2016,0.0,0.0,758792969004605441,728223516
kendall & kylie app,more pic of youtube red show on the kendall and kylie !!,Fri Jul 29 01:42:41 +0000 2016,0.25,0.25,758840136725442560,729014241
kendall & kylie app,more pic of youtube red show on the kendall and kylie !!,Fri Jul 29 01:43:58 +0000 2016,0.25,0.25,758840456453120000,729014358
kendall & kylie app,hi i play your kendall and kylie your be awesome follow me on it the username be kendal and follow on twitter love you,Fri Jul 29 02:17:08 +0000 2016,0.75,0.8,758848806846816260,729021708
kendall & kylie app,hooked on crochet embroider tank top that i find on the pacsun,Fri Jul 29 04:42:35 +0000 2016,0.5,0.5,758885407002025984,729044235
kendall & kylie app,i be restart kylie and kendall s game!,Fri Jul 29 05:02:42 +0000 2016,-0.5,0.4,758890472697757696,729050242
kendall & kylie app,ngl i m sit here play the kendall and kylie,Fri Jul 29 10:19:10 +0000 2016,0.0,0.0,758970110753198080,729101910
kendall & kylie app,$tcehy $gluuv 2.0.11  4.55  iphone world grossing rankings as of jul 28,Fri Jul 29 12:50:54 +0000 2016,0.0,0.0,759008299157114881,729125054
kendall & kylie app,newold picture of kendall,Fri Jul 29 13:42:55 +0000 2016,0.0,0.0,759021387986014208,729134255
kendall & kylie app,newold picture of kendall,Fri Jul 29 13:43:04 +0000 2016,0.0,0.0,759021423847280644,729134304
kendall & kylie app,newold picture of kendall,Fri Jul 29 13:43:14 +0000 2016,0.0,0.0,759021466922790912,729134314
kendall & kylie app,newold picture of kendall,Fri Jul 29 13:43:43 +0000 2016,0.0,0.0,759021588742180868,729134343
kendall & kylie app,hooked on button down long sleeve romper that i find on the pacsun,Fri Jul 29 14:26:04 +0000 2016,-0.05,0.4,759032247869517824,729142604
kendall & kylie app,phone  cannot update. insufficient storage space.me what do you mean theres no space i deleted kendall and kylie s game,Fri Jul 29 17:29:23 +0000 2016,-0.35625,0.54375,759078380591517696,729172923
kendall & kylie app,can i just say i really love the kendall and kylie because i ve never look so good,Fri Jul 29 17:39:57 +0000 2016,0.6,0.6000000000000001,759081038375190528,729173957
kendall & kylie app,hooked on kendall ; kylie mock neck keyhole tank top that i find on the pacsun .,Fri Jul 29 19:24:02 +0000 2016,0.5,0.5,759107233523310592,729192402
kendall & kylie app,cannot stop playin kendall and kylie s game on the store!!,Fri Jul 29 23:17:53 +0000 2016,-0.625,0.4,759166081927880705,729231753
kendall & kylie app,latest guilty pleasure  thecc,Sat Jul 30 01:33:08 +0000 2016,0.0,0.95,759200120902746113,730013308
kendall & kylie app,hooked on kendall ; kylie eyelet button front tank top that i find on the pacsun . love this outfit,Sat Jul 30 04:58:10 +0000 2016,0.5,0.55,759251716369944576,730045810
kendall & kylie app,hooked on kendall ; kylie lace shoulder tie romper that i find on the pacsun .,Sat Jul 30 05:07:01 +0000 2016,0.0,0.0,759253946200358912,730050701
kendall & kylie app,check out kendall and kylie!b,Sat Jul 30 12:26:13 +0000 2016,0.0,0.0,759364474008633344,730122613
kendall & kylie app,$tcehy $gluuv 2.0.11  4.55  iphone world grossing rankings as of jul 29,Sat Jul 30 14:06:02 +0000 2016,0.0,0.0,759389593284345856,730140602
kendall & kylie app,i hate the kendall and kylie for make energy so expensive when it come to diamond or whatever theyre call shake my head,Sat Jul 30 20:51:29 +0000 2016,-0.65,0.8,759491627396108290,730205129
kendall & kylie app,actually i dislike the kendall and kylie for a lot of reason but i still keep play it,Sat Jul 30 20:51:53 +0000 2016,0.0,0.1,759491727581249536,730205153
kendall & kylie app,hooked on kendall ; kylie surplice long sleeve romper that i find on the pacsun .,Sat Jul 30 21:08:09 +0000 2016,-0.05,0.4,759495821326819328,730210809
kendall & kylie app,i m in the 100k club in kendall and kylie. come join me!,Sun Jul 31 02:26:37 +0000 2016,0.0,0.0,759575968688271360,731022637
kendall & kylie app,i m addicted to the kendall ; kylie and it doesn t help that my  krew  on there is lit,Sun Jul 31 03:38:42 +0000 2016,-0.4,0.6,759594107601874944,731033842
kendall & kylie app,kendall + kylie game be here!,Sun Jul 31 04:21:19 +0000 2016,-0.5,0.4,759604831212474368,731042119
kendall & kylie app,should i download kendall ; kylie ? any suggestion ? how be this?,Sun Jul 31 05:32:37 +0000 2016,0.0,0.0,759622776303001600,731053237
kendall & kylie app,$tcehy $gluuv 2.0.11  4.55  iphone world grossing rankings as of jul 30,Sun Jul 31 13:40:20 +0000 2016,0.0,0.0,759745513545617408,731134020
kendall & kylie app,this be me and kylie jenner on kendall and kyile,Sun Jul 31 17:31:57 +0000 2016,0.0,0.0,759803800794300416,731173157
kendall & kylie app,check out kendall and kylie!huh,Sun Jul 31 18:29:13 +0000 2016,0.0,0.0,759818211688747008,731182913
kendall & kylie app,the kendall and kylie have take over my life like for the past week that all i have be doing. but i havent spend any $$ so far so,Sun Jul 31 19:56:05 +0000 2016,-0.08333333333333333,0.45,759840072703184897,731195605
kendall & kylie app,$tcehy $gluuv 2.0.11  4.55  iphone world grossing rankings as of jul 31,Mon Aug 01 12:54:39 +0000 2016,0.0,0.0,760096404379430912,801125439
kendall & kylie app,don t worry guy,Mon Aug 01 14:00:08 +0000 2016,-0.07142857142857142,0.21428571428571427,760112884429062144,801140008
kendall & kylie app,my fave sister edition,Mon Aug 01 15:12:16 +0000 2016,0.0,0.0,760131038932795393,801151216
kendall & kylie app,my fave sister edition,Mon Aug 01 15:27:44 +0000 2016,0.0,0.0,760134928180936704,801152744
kendall & kylie app,i need a lit and active krew in the kendall and kylie,Mon Aug 01 19:58:05 +0000 2016,-0.13333333333333333,0.6,760202963524673537,801195805
kendall & kylie app,i need a lit and active krew in the kendall and kylie,Mon Aug 01 21:53:57 +0000 2016,-0.13333333333333333,0.6,760232125400489984,801215357
kendall & kylie app,my friend cant come in kendall and kylie even if she save everything r.i.p,Mon Aug 01 23:04:41 +0000 2016,0.0,0.0,760249923581468672,801230441
kendall & kylie app,save my bestie s  kendall and kylie game,Mon Aug 01 23:09:56 +0000 2016,-0.5125,0.7,760251248054530048,801230956
kendall & kylie app,i m in the 10k club in kendall and kylie. come join me!,Tue Aug 02 00:01:18 +0000 2016,0.0,0.0,760264173523611649,802000118
kendall & kylie app,hooked on ribbed long sleeve swing dress that i find on the pacsun,Tue Aug 02 10:57:30 +0000 2016,-0.05,0.4,760429309223923712,802105730
kendall & kylie app,i m in the 1 million club in kendall and kylie. come join me!,Tue Aug 02 12:43:32 +0000 2016,0.0,0.0,760455996313571328,802124332
kendall & kylie app,$tcehy $gluuv 2.0.11  4.55  iphone world grossing rankings as of aug 1,Tue Aug 02 13:05:43 +0000 2016,0.0,0.0,760461577602596864,802130543
kendall & kylie app,accidentally download the kendall and kylie again laugh out loud,Tue Aug 02 20:04:24 +0000 2016,0.8,0.7,760566943174823936,802200424
kendall & kylie app,this look better than kim and kendall and kylie s,Wed Aug 03 11:48:18 +0000 2016,0.5,0.5,760804483278528512,803114818
kendall & kylie app,$tcehy $gluuv 2.0.11  4.55  iphone world grossing rankings as of aug 2,Wed Aug 03 13:17:32 +0000 2016,0.0,0.0,760826938869026816,803131732
kendall & kylie app,im so do w the kendall and kylie .,Wed Aug 03 13:19:35 +0000 2016,0.0,0.0,760827455859003392,803131935
kendall & kylie app,i download your it s really cool. i also have the kendall and kylie game,Wed Aug 03 17:35:18 +0000 2016,-0.025000000000000022,0.525,760891806510882816,803173518
kendall & kylie app,$tcehy $gluuv. 2.1.0 update release,Wed Aug 03 18:02:10 +0000 2016,0.0,0.0,760898569834524672,803180210
kendall & kylie app,when they cut kendall out of the kendall and kylie icon,Wed Aug 03 18:22:25 +0000 2016,0.0,0.0,760903664491958274,803182225
kendall & kylie app,this look better than kim and kendall and kylie s,Wed Aug 03 19:38:00 +0000 2016,0.5,0.5,760922686734282752,803193800
kendall & kylie app,check out kendall and kylie!me and my love,Wed Aug 03 21:25:19 +0000 2016,0.0,0.0,760949693107019776,803212519
kendall & kylie app,yes i am playing the kendall ; kylie  i actually like it .,Wed Aug 03 23:34:47 +0000 2016,0.0,0.1,760982274791862272,803233447
kendall & kylie app,check out kendall and kylie!,Thu Aug 04 03:49:29 +0000 2016,-0.4,0.4,761046373236027392,804034929
kendall & kylie app,check out kendall and kylie!,Thu Aug 04 04:03:09 +0000 2016,0.0,0.0,761049813852889088,804040309
kendall & kylie app,why tf be kylie only on the . its call kendall and kylie for a reason god damn,Thu Aug 04 06:16:12 +0000 2016,0.0,1.0,761083294037385217,804061612
kendall & kylie app,so do kendall drop out of the kendall and kylie ?,Thu Aug 04 07:19:43 +0000 2016,0.0,0.0,761099278924206081,804071943
kendall & kylie app,so when i delete the kendall and kylie on my other phone i accidentally take it off game center too and now all my hard work,Thu Aug 04 07:33:00 +0000 2016,-0.22916666666666669,0.35416666666666663,761102624540069888,804073300
kendall & kylie app,how do i use the gc thing on the kendall and kylie,Thu Aug 04 07:47:16 +0000 2016,0.0,0.0,761106212041568256,804074716
kendall & kylie app,$tcehy $gluuv 2.0.11 4.55 iphone world grose rnkng as of aug 3,Thu Aug 04 13:11:42 +0000 2016,0.0,0.0,761187857751040001,804131142
kendall & kylie app,they kendall and kylie logo be literally just a pic of kylie,Thu Aug 04 14:57:35 +0000 2016,0.0,0.0,761214504747147265,804145735
kendall & kylie app,i start to play the kendall;kylie again and i be addict ..again,Thu Aug 04 15:11:51 +0000 2016,-0.4,0.6,761218094115262464,804151151
kendall & kylie app,hooked on lace hem romper that i find on the pacsun,Thu Aug 04 16:39:10 +0000 2016,0.0,0.0,761240069789343745,804163910
kendall & kylie app,why do the kendall and kylie only have kylie s face on it oh and pls dont ask why i name it ass,Thu Aug 04 17:23:13 +0000 2016,0.0,1.0,761251155783536640,804172313
kendall & kylie app,hooked on mock neck short sleeve t shirt that i find on the pacsun,Thu Aug 04 17:59:11 +0000 2016,0.0,0.3,761260207846494208,804175911
kendall & kylie app,i find a sister in kendall and kylie ! yay! cheer to 1d mwap,Thu Aug 04 18:59:24 +0000 2016,0.0,0.0,761275361636200448,804185924
kendall & kylie app,why be it just kylie s face on the kendall and kylie game now? like why isn t it two person anymore,Thu Aug 04 19:06:39 +0000 2016,-0.4,0.4,761277185739018244,804190639
kendall & kylie app,why would they update the kendall ; kylie game ; only have kylie s face on the icon,Thu Aug 04 20:03:53 +0000 2016,-0.2,0.7,761291588362383360,804200353
kendall & kylie app,kendall ; kylie isn t working,Thu Aug 04 22:53:32 +0000 2016,-0.75,1.0,761334282757386240,804225332
kendall & kylie app,what the fuck i update my phone and the kendall ; kylie reset ;,Thu Aug 04 23:11:06 +0000 2016,-0.625,1.0,761338704325730304,804231106
kendall & kylie app,hooked on oversized crew neck t shirt that i find on the pacsun,Thu Aug 04 23:25:09 +0000 2016,0.0,0.0,761342240077717505,804232509
kendall & kylie app,hooked on chiffon slip dress that i find on the pacsun,Fri Aug 05 01:28:45 +0000 2016,0.0,0.0,761373342003634177,805012845
kendall & kylie app,why be kendall crop out of the kendall and kylie logo jdkehhsisbhejdk,Fri Aug 05 01:33:02 +0000 2016,0.0,0.0,761374420283699200,805013302
kendall & kylie app,the kendall and kylie only have kylie on the front,Fri Aug 05 02:26:25 +0000 2016,0.0,1.0,761387857235865600,805022625
kendall & kylie app,why be kylie the only face on the kendall and kylie game,Fri Aug 05 02:56:49 +0000 2016,-0.2,0.7,761395504668258304,805025649
kendall & kylie app,my kendall and kylie win t work lmao,Fri Aug 05 07:13:49 +0000 2016,0.6,1.0,761460182857560064,805071349
kendall & kylie app,$tcehy $gluuv 2.1.0  4.55 iphone world grosing rnkngs as of aug 4,Fri Aug 05 13:17:46 +0000 2016,0.0,0.0,761551772578119680,805131746
kendall & kylie app,i redownlade the kylie and kendall someone help me hack it,Fri Aug 05 16:00:57 +0000 2016,0.0,0.0,761592839897702400,805160057
kendall & kylie app,kendall ; kylie available atrepository.,Fri Aug 05 18:10:14 +0000 2016,0.4,0.4,761625376632279040,805181014
kendall & kylie app,i m so do with that kylie and kendall . they have way too many glitch,Fri Aug 05 22:06:55 +0000 2016,0.5,0.5,761684937384792064,805220655
kendall & kylie app,kylie s face on the kendall and kylie ..,Sat Aug 06 03:23:30 +0000 2016,0.0,0.0,761764608222883841,806032330
kendall & kylie app,i ve been playing the kendall and kylie  for like 3 hours straight,Sat Aug 06 03:35:13 +0000 2016,0.2,0.4,761767559326728192,806033513
kendall & kylie app,why do i spend $50+ on the kendall and kylie,Sat Aug 06 03:49:13 +0000 2016,-0.1,0.1,761771083024347136,806034913
kendall & kylie app,kendall and kylie,Sat Aug 06 08:40:24 +0000 2016,0.0,0.0,761844358932946944,806084024
kendall & kylie app,$tcehy $gluuv 2.1.0  4.55 iphone world grosing rnkngs as of aug 5,Sat Aug 06 13:10:22 +0000 2016,0.0,0.0,761912299271716864,806131022
kendall & kylie app,hooked on kendall ; kylie button down plaid flannel shirt that i find on the pacsun .,Sun Aug 07 00:20:03 +0000 2016,0.0,0.0,762080830676140032,807002003
kendall & kylie app,beach day fun kendall and kylie!,Sun Aug 07 00:56:08 +0000 2016,0.375,0.2,762089913097609216,807005608
kendall & kylie app,kendall and kylie,Sun Aug 07 04:11:01 +0000 2016,0.0,0.0,762138955965865985,807041101
kendall & kylie app,hooked on two tone satin bomber jacket that i find on the pacsun,Sun Aug 07 05:14:54 +0000 2016,0.0,0.0,762155030963228673,807051454
kendall & kylie app,just downloaded kendall and kylie  i m having so much fun,Sun Aug 07 10:03:33 +0000 2016,0.2,0.2,762227672348958720,807100333
kendall & kylie app,hooked on kendall ; kylie weave wrap skirt that i find on the pacsun .,Sun Aug 07 12:52:25 +0000 2016,0.0,0.0,762270170005901313,807125225
kendall & kylie app,$tcehy $gluuv 2.1.0  4.05 iphone world grossing rnkngs as of aug 6,Sun Aug 07 13:25:22 +0000 2016,0.0,0.0,762278463285977088,807132522
kendall & kylie app,leave my chef boyfriend on the kendall and kylie game for an oil tycoon.,Sun Aug 07 19:50:09 +0000 2016,-0.4,0.4,762375298092376064,807195009
kendall & kylie app,i m literally living my life through the kendall and kylie,Sun Aug 07 20:28:18 +0000 2016,0.0,0.0,762384898724335616,807202818
kendall & kylie app,check out kendall and kylie!new girlfrind,Sun Aug 07 21:17:24 +0000 2016,0.13636363636363635,0.45454545454545453,762397254892326912,807211724
kendall & kylie app,$tcehy $gluuv 2.1.0  4.05 iphone world grosing rnkngs as of aug 7,Mon Aug 08 12:56:48 +0000 2016,0.0,0.0,762633663091793920,808125648
kendall & kylie app,kendall and kylie let me sleep pls,Mon Aug 08 16:23:38 +0000 2016,0.0,0.0,762685713313783814,808162338
kendall & kylie app,ughhhh she should totally do a comp on her to win sign cover like kendall and kylie do,Mon Aug 08 22:52:09 +0000 2016,0.4,0.575,762783485388058625,808225209
kendall & kylie app,check out kendall and kylie!i look gooooood!!!!!,Mon Aug 08 22:53:13 +0000 2016,0.0,0.0,762783756025331712,808225313
kendall & kylie app,my day consist of watch netflix and play the kendall and kylie,Mon Aug 08 23:36:35 +0000 2016,0.0,0.0,762794668316778496,808233635
kendall & kylie app,i delete desiree kendall and kylie for try to take my phone and tweet creepy thing,Mon Aug 08 23:52:57 +0000 2016,-0.5,1.0,762798786150150145,808235257
kendall & kylie app,hooked on weave wrap skirt that i find on the pacsun,Tue Aug 09 00:00:06 +0000 2016,0.0,0.0,762800583933763584,809000006
kendall & kylie app,guy go download the kendall and kylie now it s lit,Tue Aug 09 07:10:06 +0000 2016,0.0,0.0,762908800298938368,809071006
kendall & kylie app,hooked on tie front tiered dress that i find on the pacsun,Tue Aug 09 07:44:28 +0000 2016,0.0,0.0,762917446802169856,809074428
kendall & kylie app,$tcehy $gluuv 2.1.0  4.05 iphone world grosing rnkngs as of aug 8,Tue Aug 09 13:14:25 +0000 2016,0.0,0.0,763000481564258304,809131425
kendall & kylie app,check out kendall and kylie! i got your  it s fun!,Tue Aug 09 15:28:48 +0000 2016,0.375,0.2,763034300618944512,809152848
kendall & kylie app,exhibit a i can t stop play the kylie and kendall . i cant stop.,Tue Aug 09 18:43:29 +0000 2016,0.0,0.0,763083295315857408,809184329
kendall & kylie app,i m in the 100k club in kendall and kylie. love this game it s so addicting i love it,Tue Aug 09 20:01:04 +0000 2016,0.19999999999999998,0.5333333333333333,763102819016736768,809200104
