google cast app,the google cast be give me option to setup my neighbor chromecast interesting attack vector.,Sat Jun 11 21:51:15 +0000 2016,0.5,0.5,741749665016602624,611215115
google cast app,have you double checked to see if 8track be a google cast ready ? ;,Sat Jun 11 23:15:51 +0000 2016,0.2,0.5,741770953114423296,611231551
google cast app,we suggest try to control content via the google cast when this hens.,Sat Jun 11 23:35:19 +0000 2016,0.0,0.0,741775854200590336,611233519
google cast app,videox video and tv cast for google chromecast,Sun Jun 12 16:35:14 +0000 2016,0.0,0.0,742032521727246336,612163514
google cast app,batman the telltale series screenshot and initial cast reveal the,Sun Jun 12 16:41:45 +0000 2016,0.0,0.0,742034164594008064,612164145
google cast app,get the now watch hamilton cast s thrilling to,Mon Jun 13 03:16:17 +0000 2016,0.26212121212121214,0.6666666666666666,742193849607573504,613031617
google cast app,it look like cinemabox be not a cast ready,Mon Jun 13 18:31:11 +0000 2016,0.1,0.1,742424092335321089,613183111
google cast app,using google cast  flixster video icon takes me to flixster,Mon Jun 13 19:01:03 +0000 2016,0.0,0.0,742431605831127040,613190103
google cast app,secret on google fiber tvs? how to use the install google extension  google cast . go to any website and click on the extension,Tue Jun 14 01:03:21 +0000 2016,-0.4,0.7,742522783121342468,614010321
google cast app,google unveils springboard and redesigned google sites in new early adopter program  venturebeat,Tue Jun 14 03:36:31 +0000 2016,0.11818181818181818,0.37727272727272726,742561326598389760,614033631
google cast app,feature request new  for audio receive. use old phone w speakers,Tue Jun 14 07:39:12 +0000 2016,0.11818181818181818,0.32727272727272727,742622400148340736,614073912
google cast app,have you try control content via the google cast instead after you initiate a cast session?,Tue Jun 14 16:28:32 +0000 2016,0.0,0.0,742755613906743296,614162832
google cast app,hold on,Tue Jun 14 21:48:41 +0000 2016,0.0,0.0,742836180912381952,614214841
google cast app,google cast for free download be there a way to chromecast video from vimeo?,Wed Jun 15 00:03:12 +0000 2016,0.4,0.8,742870035115442176,615000312
google cast app,just release cast controller,Wed Jun 15 09:31:06 +0000 2016,0.4,0.8,743012948793274368,615093106
google cast app,be you try to set up your chromecast for the first time? have you try used the google cast on a mobile device?,Wed Jun 15 17:52:15 +0000 2016,0.25,0.3333333333333333,743139069174157312,615175215
google cast app,missy +,Thu Jun 16 11:48:22 +0000 2016,0.0,0.0,743409881584009217,616114822
google cast app,you can use our power cast for cast your content,Thu Jun 16 18:17:14 +0000 2016,0.0,0.0,743507742799732736,616181714
google cast app,what s wrong with cast through chromecast,Thu Jun 16 21:03:10 +0000 2016,-0.5,0.9,743549504411013120,616210310
google cast app,hello its me share them with the cast and crew,Thu Jun 16 22:37:38 +0000 2016,0.0,0.0,743573275171688448,616223738
google cast app,a more realistic dream connect my android to my google cast to control a session launch on my desktop like can.,Fri Jun 17 02:03:53 +0000 2016,0.3333333333333333,0.41666666666666663,743625179012620288,617020353
google cast app,piss off my google chrome cast isn t functioning for my netflix so i have to sit with this macbook over heating on my lap,Sat Jun 18 02:36:50 +0000 2016,0.0,0.0,743995858752942080,618023650
google cast app,how to set up chromecast with google cast,Sat Jun 18 07:42:21 +0000 2016,0.0,0.0,744072744170553344,618074221
google cast app,how to set up chromecast with google cast,Sat Jun 18 07:42:22 +0000 2016,0.0,0.0,744072750759817216,618074222
google cast app,there be an option to cast android screen on google cast used which we can cast all jio content to our tv,Sat Jun 18 09:04:29 +0000 2016,0.0,0.0,744093416791883777,618090429
google cast app,buy a google cast tv? better have your smartphone handy go to,Sat Jun 18 19:06:59 +0000 2016,0.55,0.7,744245038595584000,618190659
google cast app,in order to cast from my laptop,Sat Jun 18 21:43:24 +0000 2016,0.0,0.0,744284403774300160,618214324
google cast app,some usb cable will be compatible but with the google cast specifically,Sun Jun 19 08:28:51 +0000 2016,0.0,0.0,744446835285172224,619082851
google cast app,what s problem in chromecast last editionalway didn t ear in device by google cast ??,Sun Jun 19 17:06:16 +0000 2016,0.0,0.06666666666666667,744577048031731712,619170616
google cast app,to all the cast and crew of ltn s addams family i will never forget you.,Mon Jun 20 00:39:07 +0000 2016,0.0,0.0,744691010416979970,620003907
google cast app,thank fot update your because netflix now completely stop work with google chrom cast bad developer,Mon Jun 20 10:38:44 +0000 2016,-0.13333333333333328,0.4222222222222222,744841910502756352,620103844
google cast app,you should be able to pause content via the google cast under the device tab while you be casting.,Mon Jun 20 16:36:15 +0000 2016,0.5,0.625,744931882073128960,620163615
google cast app,to clarify,Mon Jun 20 16:54:53 +0000 2016,0.1875,0.48124999999999996,744936571279859712,620165453
google cast app,ah,Mon Jun 20 18:48:38 +0000 2016,0.15,0.35,744965199468306437,620184838
google cast app,league cast to listen to favourite rl podcast n rl internet radio in 1 place,Mon Jun 20 21:24:05 +0000 2016,0.0,0.0,745004317833306112,620212405
google cast app,google cast for free download vlc 3.0 nightly touch base with kind of working chromecast support,Tue Jun 21 00:03:48 +0000 2016,0.06666666666666665,0.9,745044511152312320,621000348
google cast app,google cast by google,Tue Jun 21 04:39:45 +0000 2016,0.0,0.0,745113957984174081,621043945
google cast app,i hate the  with google chrome cast because if i go away for a little bit,Tue Jun 21 06:58:09 +0000 2016,-0.49375,0.7,745148787769778176,621065809
google cast app,playstation vue will launch for android phone and tablet next week with cast,Tue Jun 21 18:45:21 +0000 2016,0.0,0.0,745326761039171585,621184521
google cast app,do you have the google cast ?,Wed Jun 22 13:39:48 +0000 2016,0.0,0.0,745612253974659076,622133948
google cast app,when do this issue begin? be your google cast up to date? have you reboot your router and chromecast?,Wed Jun 22 17:09:28 +0000 2016,0.0,0.0,745665015051583488,622170928
google cast app,have you try pause content via the google cast under your device tab when this hens?,Wed Jun 22 20:48:24 +0000 2016,0.0,0.0,745720113962311680,622204824
google cast app,i cleared stage 100 1!want to play the sailor moon puzzle game with me? io android,Wed Jun 22 20:56:31 +0000 2016,-0.4,0.4,745722154201812992,622205631
google cast app,there s a chromecast pin on my tv screen and picture be show up,Wed Jun 22 21:54:12 +0000 2016,0.0,0.0,745736672286019584,622215412
google cast app,you need to have a google chrome for,Thu Jun 23 02:51:53 +0000 2016,0.2130681818181818,0.45454545454545453,745811587798228993,623025153
google cast app,google cast 1.16.1403,Thu Jun 23 06:15:38 +0000 2016,0.0,0.0,745862863357681668,623061538
google cast app,support deze ook google cast ?,Thu Jun 23 07:37:21 +0000 2016,0.0,0.0,745883426901868544,623073721
google cast app,in my google cast there no search box like the one in photo its very difficult to find an i use iphone,Thu Jun 23 14:20:33 +0000 2016,-0.65,1.0,745984897660125184,623142033
google cast app,open google cast ; select your chromecast device ; setting ; select your wifi network. we hope this helps.,Thu Jun 23 17:02:07 +0000 2016,0.25,0.75,746025554588082176,623170207
google cast app,when will you all add google cast capability to the,Thu Jun 23 20:53:23 +0000 2016,0.0,0.0,746083755761106944,623205323
google cast app,google chrome cast thru the cbs work great! all 4 camera plus quad view!,Thu Jun 23 23:19:26 +0000 2016,1.0,0.75,746120511151693824,623231926
google cast app,google chrome cast thru the cbs work great! all 4 camera plus quad view!,Thu Jun 23 23:33:31 +0000 2016,1.0,0.75,746124054223065088,623233331
google cast app,glee cast feat. gwyneth paltrow  kiss | streaming on download android,Fri Jun 24 13:20:12 +0000 2016,0.0,0.0,746332094255665153,624132012
google cast app,finally. guide on tablet,Fri Jun 24 19:03:08 +0000 2016,0.0,1.0,746418398410702848,624190308
google cast app,take 2  good news go90 now has google cast enabled. bad news sports content,Fri Jun 24 19:29:57 +0000 2016,-0.015909090909090887,0.5166666666666666,746425145217036290,624192957
google cast app,take 2  good news go90 now has google cast enabled. bad news sports content,Fri Jun 24 22:22:28 +0000 2016,0.04545454545454549,0.5888888888888889,746468561237905408,624222228
google cast app,free  gives you 3d ; ! le  android,Fri Jun 24 23:25:32 +0000 2016,0.5,0.8,746484434820489216,624232532
google cast app,google cast be now available on andronexus store,Sat Jun 25 09:14:55 +0000 2016,0.4,0.4,746632754633244672,625091455
google cast app,update google cast 1.16.7 on nexus 5 . detail,Sat Jun 25 12:56:18 +0000 2016,0.0,0.0,746688470316261376,625125618
google cast app,can finally sign in on  to catch up on the eps not on ondemand! and i can use google cast to watch on tv!,Sat Jun 25 22:48:06 +0000 2016,0.0,1.0,746837399280324608,625224806
google cast app,google cast android be now available at repository.,Sat Jun 25 23:19:42 +0000 2016,0.4,0.4,746845353291427841,625231942
google cast app,all i want be an update that make it a general google cast target from any .,Sat Jun 25 23:51:20 +0000 2016,0.05000000000000002,0.5,746853312163647488,625235120
google cast app,if you use bing instead of google on the tv cast it will work. for some reason google win t work,Sun Jun 26 15:45:29 +0000 2016,0.0,0.0,747093432770895872,626154529
google cast app,will there ever be a proper android tv or google cast support for  \,Sun Jun 26 17:10:04 +0000 2016,-0.125,0.55,747114717630631941,626171004
google cast app,how can i stream from the south park via google chrome? s as video;tv cast and google cast be not work properly,Sun Jun 26 20:17:45 +0000 2016,0.0,0.1,747161950082203649,626201745
google cast app,have you try to disconnect the cast session via the google cast ?,Mon Jun 27 00:26:20 +0000 2016,0.0,0.0,747224509145550849,627002620
google cast app,what issue be you have with the google cast ? can we help?,Mon Jun 27 00:37:10 +0000 2016,0.0,0.0,747227236600807426,627003710
google cast app,i use google cast. but i get a you tube error so i guess be not an issue with my cast .,Mon Jun 27 01:10:42 +0000 2016,0.0,0.0,747235673762062336,627011042
google cast app,it seem to cast ok from a movie i use but not when i try google photo or mirror function. it used to work fine,Mon Jun 27 06:11:08 +0000 2016,0.45833333333333337,0.5,747311279556091904,627061108
google cast app,google launch cast for education,Mon Jun 27 16:02:04 +0000 2016,0.5,0.9,747459992567984132,627160204
google cast app,google launch cast for education,Mon Jun 27 16:05:41 +0000 2016,0.0,0.0,747460903629643777,627160541
google cast app,google launch cast for education,Mon Jun 27 16:05:53 +0000 2016,0.0,0.0,747460955072659456,627160553
google cast app,google launch cast for education,Mon Jun 27 16:14:05 +0000 2016,0.0,0.0,747463016615129090,627161405
google cast app,google just announce google cast for education chrome to beam content to student screen,Mon Jun 27 16:15:35 +0000 2016,0.0,0.0,747463395637661696,627161535
google cast app,the sincerest form of flattery,Mon Jun 27 16:15:52 +0000 2016,0.25,0.25,747463467154694144,627161552
google cast app,google launch cast for education,Mon Jun 27 16:16:01 +0000 2016,0.0,0.0,747463506606297089,627161601
google cast app,google just announce google cast for education chrome to beam content to student screen,Mon Jun 27 16:22:38 +0000 2016,0.0,0.0,747465168989261825,627162238
google cast app,google announce new education tool cast for education,Mon Jun 27 16:26:29 +0000 2016,0.13636363636363635,0.45454545454545453,747466137940594688,627162629
google cast app,google announce new education tool cast for education,Mon Jun 27 16:27:37 +0000 2016,0.13636363636363635,0.45454545454545453,747466423895728128,627162737
google cast app,fab update today to google form and cast for kid on chromebooks.,Mon Jun 27 16:28:18 +0000 2016,0.0,0.0,747466595153252352,627162818
google cast app,new google cast for ed,Mon Jun 27 16:31:36 +0000 2016,0.2681818181818182,0.6272727272727273,747467427127123968,627163136
google cast app,new google cast for ed,Mon Jun 27 16:33:25 +0000 2016,0.2681818181818182,0.6272727272727273,747467883958177793,627163325
google cast app,launch cast for,Mon Jun 27 16:35:22 +0000 2016,0.0,0.0,747468373638914048,627163522
google cast app,have you try control content via the google cast under the device tab?,Mon Jun 27 16:36:59 +0000 2016,0.0,0.0,747468780587073536,627163659
google cast app,we suggest directly reach out to the you be inquiring about and confirm if they have google cast support.,Mon Jun 27 16:37:45 +0000 2016,0.1,0.4,747468974145822720,627163745
google cast app,class collaboration just get easier w the google cast for education !,Mon Jun 27 17:05:57 +0000 2016,0.0,0.0,747476070669049856,627170557
google cast app,venturebeat google launch cast for education,Mon Jun 27 17:09:42 +0000 2016,0.0,0.0,747477014836281344,627170942
google cast app,google cast 4 ed,Mon Jun 27 17:33:30 +0000 2016,0.5,0.8,747483003933294592,627173330
google cast app,google cast 4 ed,Mon Jun 27 17:37:12 +0000 2016,0.5,0.8,747483934259183616,627173712
google cast app,this be great! expedition,Mon Jun 27 17:42:13 +0000 2016,1.0,0.75,747485196769865729,627174213
google cast app,do you know if i must use google classroom to use cast? or be the ; chrome enough?,Mon Jun 27 17:42:25 +0000 2016,0.0,0.5,747485247734951936,627174225
google cast app,sell on your | google launch cast for education,Mon Jun 27 17:55:56 +0000 2016,0.0,0.0,747488650791952384,627175556
google cast app,google launch cast for education quiz in form cardboard expedition for android,Mon Jun 27 18:13:28 +0000 2016,0.0,0.0,747493061077393408,627181328
google cast app,launch cast for education,Mon Jun 27 18:21:04 +0000 2016,0.5,0.5,747494974682390528,627182104
google cast app,very interested in the google cast . can t wait to try it out!,Mon Jun 27 18:29:46 +0000 2016,0.40625,0.65,747497163794440192,627182946
google cast app,just saw a demo of  cast 4 edu cool stuff ; free! download free so ts;ss can share their work,Mon Jun 27 18:32:32 +0000 2016,0.4166666666666667,0.75,747497859902148608,627183232
google cast app,field trip with expedition for student,Mon Jun 27 18:40:24 +0000 2016,0.0,0.0,747499840918126593,627184024
google cast app,field trip with expedition for student,Mon Jun 27 18:43:30 +0000 2016,0.0,0.0,747500621234790400,627184330
google cast app,edu release cast for education,Mon Jun 27 19:15:35 +0000 2016,0.0,0.0,747508696444440576,627191535
google cast app,new tool announced. expedition,Mon Jun 27 19:22:33 +0000 2016,0.13636363636363635,0.45454545454545453,747510449214734340,627192233
google cast app,venturebeat  google launches cast for education,Mon Jun 27 19:47:40 +0000 2016,0.0,0.0,747516768156028928,627194740
google cast app,from venturebeat google launch cast for education,Mon Jun 27 19:48:01 +0000 2016,0.0,0.0,747516855800205313,627194801
google cast app,google cast sdk version 3 released for android and io have release the 3.0 versio,Mon Jun 27 19:56:08 +0000 2016,0.0,0.0,747518897910349825,627195608
google cast app,google cast sdk version 3 released for android and io google have release the 3.0 version of its google cas,Mon Jun 27 19:56:27 +0000 2016,0.0,0.0,747518977551671296,627195627
google cast app,google cast sdk version 3 released for android and io google have release,Mon Jun 27 19:56:28 +0000 2016,0.0,0.0,747518981989269504,627195628
google cast app,google cast sdk version 3 released for android and io,Mon Jun 27 19:56:30 +0000 2016,0.0,0.0,747518989769703425,627195630
google cast app,google cast sdk version 3 released for android and io,Mon Jun 27 19:56:33 +0000 2016,0.0,0.0,747519002512023552,627195633
google cast app,google cast sdk version 3 released for android and io google have release the 3.0 version of its g,Mon Jun 27 19:56:33 +0000 2016,0.0,0.0,747519006051958785,627195633
google cast app,google cast sdk version 3 released for android and io google have release the 3.0 version of it,Mon Jun 27 19:56:38 +0000 2016,0.0,0.0,747519026599886849,627195638
google cast app,google cast sdk version 3 released for android and io,Mon Jun 27 19:57:07 +0000 2016,0.0,0.0,747519146577952768,627195707
google cast app,google cast sdk version 3 released for android and io via android central,Mon Jun 27 19:57:16 +0000 2016,0.0,0.25,747519184288899072,627195716
google cast app,google cast sdk version 3 released for android and io,Mon Jun 27 19:57:17 +0000 2016,0.0,0.0,747519190542651393,627195717
google cast app,google cast sdk version 3 released for android and io,Mon Jun 27 19:57:18 +0000 2016,0.0,0.0,747519192107147264,627195718
google cast app,google cast sdk version 3 released for android and io,Mon Jun 27 19:57:19 +0000 2016,0.0,0.0,747519195575787520,627195719
google cast app,google cast sdk version 3 released for android and io google have release the 3.0 version of its,Mon Jun 27 19:57:24 +0000 2016,0.0,0.0,747519219797884929,627195724
google cast app,google cast sdk version 3 released for android and io via,Mon Jun 27 19:57:24 +0000 2016,0.0,0.0,747519217511989249,627195724
google cast app,google cast sdk version 3 released for android and io,Mon Jun 27 19:57:34 +0000 2016,0.0,0.0,747519258913964032,627195734
google cast app,google cast sdk version 3 released for android and ioscentral  android forums,Mon Jun 27 19:59:19 +0000 2016,0.0,0.25,747519701945810944,627195919
google cast app,androidcentral google cast sdk version 3 released for android and io,Mon Jun 27 19:59:26 +0000 2016,0.0,0.0,747519731817713664,627195926
google cast app,google cast sdk version 3 released for android and iosgoogle have release the 3.0 version of its google cast sdk,Mon Jun 27 20:00:21 +0000 2016,0.0,0.0,747519960520462336,627200021
google cast app,google launch cast for education,Mon Jun 27 20:00:42 +0000 2016,0.0,0.0,747520046646300672,627200042
google cast app,google cast sdk version 3 released for android and io,Mon Jun 27 20:01:40 +0000 2016,0.0,0.0,747520290972897282,627200140
google cast app,venturebeat  google launches cast for education,Mon Jun 27 20:03:09 +0000 2016,0.0,0.0,747520664077242368,627200309
google cast app,google cast sdk version 3 released for android and io google have release the 3.0 version,Mon Jun 27 20:05:16 +0000 2016,0.0,0.0,747521196594446341,627200516
google cast app,google cast sdk version 3 released for android and io,Mon Jun 27 20:08:06 +0000 2016,0.0,0.0,747521912608329728,627200806
google cast app,google have release the 3.0 version of its google cast sdk for android and io developers. the update tool w,Mon Jun 27 20:12:33 +0000 2016,0.0,0.0,747523029576654848,627201233
google cast app,google cast sdk version 3 released for android and io,Mon Jun 27 20:14:18 +0000 2016,0.0,0.0,747523469697490944,627201418
google cast app,google cast sdk version 3 released for android and io at,Mon Jun 27 20:16:20 +0000 2016,0.0,0.0,747523982254084097,627201620
google cast app,android news  google cast sdk version 3 released for android and ios,Mon Jun 27 20:18:26 +0000 2016,0.0,0.0,747524510065238018,627201826
google cast app,google launch cast for education,Mon Jun 27 20:30:36 +0000 2016,0.0,0.0,747527571248652288,627203036
google cast app,google cast for education be a free chrome that allow student and teacher to share their..,Mon Jun 27 20:31:33 +0000 2016,0.4,0.8,747527810487623680,627203133
google cast app,google cast sdk version 3 released for and io . read more,Mon Jun 27 20:36:11 +0000 2016,0.5,0.5,747528978563366912,627203611
google cast app,google launch cast for,Mon Jun 27 21:01:14 +0000 2016,0.0,0.0,747535280987643904,627210114
google cast app,new google cast for education  can t wait to check it out.,Mon Jun 27 21:02:22 +0000 2016,0.13636363636363635,0.45454545454545453,747535566242209792,627210222
google cast app,3 new release from,Mon Jun 27 21:04:24 +0000 2016,0.13636363636363635,0.45454545454545453,747536079813677057,627210424
google cast app,news | america  it s called google cast for education,Mon Jun 27 21:10:43 +0000 2016,0.0,0.0,747537668658110464,627211043
google cast app,new google cast for education  can t wait to check it out.,Mon Jun 27 21:11:18 +0000 2016,0.13636363636363635,0.45454545454545453,747537813999091713,627211118
google cast app,google cast for education google cast for education be finally release today in open beta. this allow,Mon Jun 27 21:22:14 +0000 2016,0.0,0.75,747540565705654272,627212214
google cast app,google have release the 3.0 version of its google cast sdk for android and io develop,Mon Jun 27 21:23:52 +0000 2016,0.0,0.0,747540977871691776,627212352
google cast app,google up its classroom cred with cast for education and quiz google have lau,Mon Jun 27 21:26:50 +0000 2016,0.0,0.0,747541723786555392,627212650
google cast app,3 new release from,Mon Jun 27 22:07:31 +0000 2016,0.3181818181818182,0.7272727272727273,747551961185136640,627220731
google cast app,weve introduced full state management that help you implement the right abstraction between your and google cast nope. its all java,Mon Jun 27 22:11:31 +0000 2016,0.31785714285714284,0.5428571428571429,747552968480677889,627221131
google cast app,new google cast sdk release for android and io,Mon Jun 27 22:46:37 +0000 2016,0.13636363636363635,0.45454545454545453,747561801009664000,627224637
google cast app,,Mon Jun 27 23:10:52 +0000 2016,0.2681818181818182,0.6272727272727273,747567906246926337,627231052
google cast app,what do you see in your google cast ? do you see anything on your tv?,Tue Jun 28 00:06:33 +0000 2016,0.0,0.0,747581917688635392,628000633
google cast app,expedition y google cast.,Tue Jun 28 00:54:08 +0000 2016,0.0,0.0,747593893865086976,628005408
google cast app,new google cast sdk release for android and io,Tue Jun 28 01:40:55 +0000 2016,0.13636363636363635,0.45454545454545453,747605666769047552,628014055
google cast app,google cast sdk version 3 released for android and io,Tue Jun 28 02:27:55 +0000 2016,0.0,0.0,747617495079653377,628022755
google cast app,i want to see about the new the google announce call google cast for education.,Tue Jun 28 02:31:29 +0000 2016,0.13636363636363635,0.45454545454545453,747618393923031041,628023129
google cast app,educator buzz at about free cast that allow st.s to share screen wirelessly,Tue Jun 28 02:37:01 +0000 2016,0.4,0.8,747619785907679232,628023701
google cast app,reinstal android 4.4.2 tablet and official popcorntime but the google cast button in the diseared. can i fix that?,Tue Jun 28 08:01:00 +0000 2016,0.0,0.0,747701319717224450,628080100
google cast app,news | america  google cast for education is a free chrome that allows students and teachers to share their,Tue Jun 28 09:27:41 +0000 2016,0.4,0.8,747723134300786688,628092741
google cast app,,Tue Jun 28 09:47:46 +0000 2016,0.2681818181818182,0.6272727272727273,747728185538809856,628094746
google cast app,check out gafe updatesnew tools. i check out quiz feature for forms. that will be handy!thank,Tue Jun 28 12:58:59 +0000 2016,0.475,0.55,747776308659232768,628125859
google cast app,classrooh my godoogle cast for education teacher share their screen from,Tue Jun 28 13:08:00 +0000 2016,0.0,0.0,747778575235854337,628130800
google cast app,google launch new education tool the cast for education chrome let student and teacher turn the mai,Tue Jun 28 13:11:08 +0000 2016,0.13636363636363635,0.45454545454545453,747779366289973249,628131108
google cast app,google cast for education,Tue Jun 28 14:18:34 +0000 2016,0.4,0.8,747796336242753536,628141834
google cast app,excited that google annouced native support for self grade quiz in google forms!via,Tue Jun 28 14:45:52 +0000 2016,0.46875,0.75,747803207083036672,628144552
google cast app,google cast for education,Tue Jun 28 14:46:15 +0000 2016,0.4,0.8,747803302184820736,628144615
google cast app,google cast sdk version 3 released for android and io have release the 3.0 version of its google cast sdk,Tue Jun 28 17:30:03 +0000 2016,0.0,0.0,747844526035841026,628173003
google cast app,google cast be here! an to screen share! we be pump,Tue Jun 28 19:36:48 +0000 2016,0.0,0.0,747876423738634240,628193648
google cast app,edu release cast for education,Tue Jun 28 20:39:29 +0000 2016,0.0,0.0,747892198264311812,628203929
google cast app,the google cast for education chrome enable teacher and student share their screen over wireless networks.,Tue Jun 28 21:01:15 +0000 2016,0.0,0.0,747897673005539332,628210115
google cast app,google cast,Tue Jun 28 22:01:08 +0000 2016,1.0,1.0,747912746293993473,628220108
google cast app,new google release,Tue Jun 28 22:36:50 +0000 2016,0.13636363636363635,0.45454545454545453,747921728794353664,628223650
google cast app,new google release,Tue Jun 28 22:50:57 +0000 2016,0.13636363636363635,0.45454545454545453,747925282066030593,628225057
google cast app,google cast,Tue Jun 28 23:45:58 +0000 2016,1.0,1.0,747939124951322624,628234558
google cast app,most impressive chromecast download like hulu,Wed Jun 29 05:22:47 +0000 2016,0.75,0.75,748023889721196549,629052247
google cast app,class collaboration just get easier w the google cast for education !,Wed Jun 29 05:46:11 +0000 2016,0.0,0.0,748029777756438528,629054611
google cast app,google cast for education to comprise quiz and puzzle google have,Wed Jun 29 06:48:52 +0000 2016,0.0,0.0,748045551409704960,629064852
google cast app,during google announced google cast for education  chrome video,Wed Jun 29 16:01:37 +0000 2016,0.0,0.0,748184658324627456,629160137
google cast app,during google announced google cast for education  chrome video,Wed Jun 29 16:06:15 +0000 2016,0.0,0.0,748185822784978944,629160615
google cast app,be ur google cast enabled?,Wed Jun 29 19:50:09 +0000 2016,0.0,0.0,748242169677381632,629195009
google cast app,google announced tools for classrooms quizzes part of google forms ; google cast  a classroom projector,Wed Jun 29 21:30:53 +0000 2016,0.0,0.0,748267518658252800,629213053
google cast app,google announced tools for classrooms quizzes part of google forms ; google cast  a classroom projector,Wed Jun 29 22:15:06 +0000 2016,0.0,0.0,748278647727919104,629221506
google cast app,can i use google cast to watch 4k60fps or do i have to use the build in youtube fot that?,Wed Jun 29 22:49:32 +0000 2016,0.0,0.0,748287312589631488,629224932
google cast app,i love the new,Thu Jun 30 02:32:18 +0000 2016,0.06212121212121211,0.6848484848484849,748343372977364993,630023218
google cast app,excited about google cast for education chrome s ability to share screen over wifi network,Thu Jun 30 04:13:20 +0000 2016,0.375,0.75,748368800517599233,630041320
google cast app,cast ing a spell google premier classroom virtual reality and new casting,Thu Jun 30 14:37:57 +0000 2016,0.13636363636363635,0.45454545454545453,748525987810381825,630143757
google cast app,cast ing a spell google premier classroom virtual reality and new casting,Thu Jun 30 14:46:02 +0000 2016,0.13636363636363635,0.45454545454545453,748528023935287296,630144602
google cast app,have you try control content via the mobile google cast ?,Thu Jun 30 18:40:02 +0000 2016,0.0,0.0,748586911455928320,630184002
google cast app,your be terrible! casting to google chrome cast be such a hassle. please fix it asap,Thu Jun 30 21:41:02 +0000 2016,-0.5,0.75,748632461198786561,630214102
google cast app,hola   i assume your works with google cast audio now?,Fri Jul 01 02:28:16 +0000 2016,0.0,0.0,748704747868135424,701022816
google cast app,google bring cast for education,Fri Jul 01 15:57:16 +0000 2016,0.0,0.0,748908338172325889,701155716
google cast app,so essentially i can t sub to any cast and therefore the be now completely useless. review be up on google play. please fix,Fri Jul 01 16:38:26 +0000 2016,-0.25,0.25,748918696173854720,701163826
google cast app,be your device list in the google cast under devices? have you reboot you router as well?,Fri Jul 01 22:16:35 +0000 2016,0.0,0.0,749003797675073536,701221635
google cast app,google cast for free download lazada will also sell chromecast 2 and chromecast audio now!,Sat Jul 02 00:11:29 +0000 2016,0.5,0.8,749032710967070720,702001129
google cast app,chrome get native google cast support build in,Sat Jul 02 16:21:42 +0000 2016,0.0,0.0,749276875420160000,702162142
google cast app,will the youtube smart tv google cast ever support 60fps,Sun Jul 03 00:15:51 +0000 2016,0.21428571428571427,0.6428571428571429,749396200294608896,703001551
google cast app,google add build in cast option to chrome for desktop,Sun Jul 03 01:30:25 +0000 2016,0.0,0.0,749414964339810306,703013025
google cast app,finalmente;non aveva senso dover installare un ostagoogle add build in cast option to chrome for desktop,Sun Jul 03 06:26:50 +0000 2016,0.0,0.0,749489557641502720,703062650
google cast app,google release google cast sdk for android and io,Sun Jul 03 10:52:17 +0000 2016,0.0,0.0,749556363412537344,703105217
google cast app,google cast be pretty great. it allow you to search over many provider netflix,Sun Jul 03 15:16:33 +0000 2016,0.5166666666666667,0.75,749622867965411328,703151633
google cast app,you know what would be super helpful? if i didn t have to connect to my google chrome cast every time i close the,Sun Jul 03 17:20:23 +0000 2016,0.3333333333333333,0.6666666666666666,749654031849689088,703172023
google cast app,which offer be you try to redeem specifically? be you on the latest version of the google cast ?,Sun Jul 03 20:20:33 +0000 2016,0.5,0.9,749699369151111168,703202033
google cast app,can you see your chromecast under device in your google cast ?,Sun Jul 03 20:47:42 +0000 2016,0.0,0.0,749706203299807233,703204742
google cast app,google chrome browser have a new cast option,Sun Jul 03 23:30:21 +0000 2016,0.13636363636363635,0.45454545454545453,749747135566995456,703233021
google cast app,yes. still disconnect and need to be stop in the google cast before it can be restartedreconnect in netflix,Mon Jul 04 00:30:28 +0000 2016,0.0,0.0,749762266484973568,704003028
google cast app,google add build in cast option to chrome for desktop,Mon Jul 04 02:00:00 +0000 2016,0.0,0.0,749784797220864003,704020000
google cast app,o open google cast and click on offer in the sidebar,Mon Jul 04 13:36:49 +0000 2016,0.05,0.25,749960156037849088,704133649
google cast app,can you reboot your router,Mon Jul 04 17:35:04 +0000 2016,0.0,0.0,750020112783122433,704173504
google cast app,google be build casting feature right into chrome,Tue Jul 05 01:30:24 +0000 2016,0.2857142857142857,0.5357142857142857,750139734010331140,705013024
google cast app,soon you ll be able to cast tab from chrome without an extension,Tue Jul 05 06:43:37 +0000 2016,0.5,0.625,750218557909245952,705064337
google cast app,google announce new education tool cast for education chrome,Tue Jul 05 08:18:07 +0000 2016,0.13636363636363635,0.45454545454545453,750242342649593856,705081807
google cast app,rlly!?i cant even as use chromecast to cast free episode on the !?,Tue Jul 05 11:37:11 +0000 2016,0.5,0.8,750292436618842114,705113711
google cast app,the google chromecast and the tv cast on the store be the best thing to ever be invented.,Tue Jul 05 14:58:03 +0000 2016,1.0,0.3,750342986165260288,705145803
google cast app,see how student can share their screen with teacher used the google cast .,Tue Jul 05 18:12:43 +0000 2016,0.0,0.0,750391976177045506,705181243
google cast app,google cast android be now available at store.,Tue Jul 05 19:37:21 +0000 2016,0.4,0.4,750413277109293056,705193721
google cast app,google be build casting feature right into chrome,Tue Jul 05 22:45:07 +0000 2016,0.2857142857142857,0.5357142857142857,750460528380743680,705224507
google cast app,google cast for free download chromecast become the leader of stream device after beat le,Wed Jul 06 00:06:19 +0000 2016,0.4,0.8,750480964967600129,706000619
google cast app,okay so i buy a stupid chrome cast and the only that want to cast be youtube. how do i fix this,Sun Jul 10 03:14:10 +0000 2016,-0.02499999999999998,0.65,751977789478150144,710031410
google cast app,cool the aap be the in playstore if ye then no person get assign to the cast,Sun Jul 10 04:41:30 +0000 2016,0.35,0.65,751999767195123712,710044130
google cast app,what s go on here? casting from device be get worse by the day! currently cast and yt not work,Sun Jul 10 07:50:54 +0000 2016,-0.25,0.5,752047430192029696,710075054
google cast app,tidal adds chromecast support to updated  tidal joins a handful of s that can already cast con,Sun Jul 10 08:57:31 +0000 2016,0.0,0.0,752064193625329664,710085731
google cast app,in and google cast would be great. look forward to it!,Sun Jul 10 13:09:34 +0000 2016,1.0,0.75,752127627712946176,710130934
google cast app,for custom class use the cast,Sun Jul 10 13:18:33 +0000 2016,0.0,0.0,752129886853140480,710131833
google cast app,please update twitter mobile live video to have google cast and le airplay run in background as well support.,Sun Jul 10 13:53:36 +0000 2016,0.13636363636363635,0.5,752138705939247105,710135336
google cast app,google cast support ever coming to the android version of the rostertooth ?,Sun Jul 10 19:17:10 +0000 2016,0.0,0.0,752220136170487808,710191710
google cast app,hey,Mon Jul 11 00:51:21 +0000 2016,0.0,0.0,752304236612886528,711005121
google cast app,can you head to google cast on your phone ; select device ; turn off guest mode within device settings? keep us post nv,Mon Jul 11 05:48:10 +0000 2016,0.0,0.0,752378931500711937,711054810
google cast app,have update itself and supportscastcheck out,Mon Jul 11 06:40:11 +0000 2016,0.0,0.0,752392021533396992,711064011
google cast app,use google cast for education  ; google cast extension to wirelessly connect to projector,Mon Jul 11 13:11:16 +0000 2016,0.0,0.0,752490440146944000,711131116
google cast app,use google cast for education  ; google cast extension to wirelessly conn,Mon Jul 11 13:11:54 +0000 2016,0.0,0.0,752490600528838656,711131154
google cast app,can you verify that you have double check your router s settings? be your device list in the google cast ?,Mon Jul 11 15:34:07 +0000 2016,0.0,0.0,752526392198324224,711153407
google cast app,what give you this issue? have you disconnect the cast session via the google cast ?,Mon Jul 11 15:57:58 +0000 2016,0.0,0.0,752532392682852353,711155758
google cast app,check out league cast for all your rl radio and podcast need from all over the world,Mon Jul 11 16:01:39 +0000 2016,0.0,0.0,752533320278343680,711160139
google cast app,thanks. i go through the google cast,Mon Jul 11 19:40:01 +0000 2016,0.0,0.30000000000000004,752588275659964417,711194001
google cast app,can you try disconnect the cast session with the google cast when this hen and see if it resolve the issue?,Mon Jul 11 22:42:26 +0000 2016,0.0,0.0,752634178429222914,711224226
google cast app,google cast for free download now tidal come with chromecast support,Tue Jul 12 00:02:48 +0000 2016,0.4,0.8,752654405263060992,712000248
google cast app,still no google cast option within the natively?,Tue Jul 12 19:11:12 +0000 2016,0.0,0.0,752943408268898306,712191112
google cast app,hey everyone!!guess what?high q have a full cast list!!!!download it and check it out!!!google play,Wed Jul 13 00:01:05 +0000 2016,0.35,0.55,753016362231033856,713000105
google cast app,what s new with chromecast and the google cast  chromecast help,Wed Jul 13 01:23:08 +0000 2016,0.13636363636363635,0.45454545454545453,753037007618650112,713012308
google cast app,it s an online radio pod cast.you can download the on google playstore. search for tweeterradiongor stream live,Wed Jul 13 07:39:01 +0000 2016,0.13636363636363635,0.5,753131603795337220,713073901
google cast app,le tv seek cast for series the producer behind le s first tv series have put out a cast,Wed Jul 13 10:14:20 +0000 2016,-0.07500000000000001,0.5166666666666666,753170689247498240,713101420
google cast app,le tv seek cast for series,Wed Jul 13 13:55:05 +0000 2016,0.0,0.0,753226243261157376,713135505
google cast app,what be you cast from? can you see cast content via the google cast when your cast icon disear in youtube?,Wed Jul 13 16:40:44 +0000 2016,0.0,0.0,753267930163445761,713164044
google cast app,dopejuice ohhh i m so nerdy,Wed Jul 13 19:34:29 +0000 2016,0.0,0.0,753311658118963200,713193429
google cast app,google form now let you quiz students.,Wed Jul 13 19:48:49 +0000 2016,0.0,0.0,753315262372413440,713194849
google cast app,can you verify if other s work for you,Wed Jul 13 22:34:58 +0000 2016,0.1875,0.5,753357076987076609,713223458
google cast app,breaking news!!! we are now live on itunes  play,Thu Jul 14 03:10:04 +0000 2016,0.13636363636363635,0.5,753426306881028098,714031004
google cast app,any real reason why spotify cant build google cast support into its desktop ?,Thu Jul 14 04:20:23 +0000 2016,0.2,0.30000000000000004,753444004948172800,714042023
google cast app,google cast coming soon! share ss chrome browsers via a new  currently in beta,Thu Jul 14 04:49:23 +0000 2016,0.06818181818181818,0.42727272727272725,753451301019774976,714044923
google cast app,google cast coming soon! share ss chrome browsers via a new  currently in beta,Thu Jul 14 06:48:02 +0000 2016,0.06818181818181818,0.42727272727272725,753481160349581312,714064802
google cast app,how to use the new cast for edu  the techy coach blog broadcast student work to the head of the class!,Thu Jul 14 19:52:28 +0000 2016,0.17045454545454544,0.45454545454545453,753678571865010176,714195228
google cast app,open the google cast ; select your chromecast device ; tap the device card menu ; locate firmware version xxxx,Thu Jul 14 20:43:07 +0000 2016,0.0,0.5,753691317113327616,714204307
google cast app,the google cast for education be now available.,Thu Jul 14 21:29:07 +0000 2016,0.4,0.4,753702891119149056,714212907
google cast app,the google cast for education be now available.,Thu Jul 14 21:48:13 +0000 2016,0.4,0.4,753707698210742272,714214813
google cast app,google cast for education !!! i can t wait to try it.,Fri Jul 15 03:54:57 +0000 2016,0.5,1.0,753799992448397312,715035457
google cast app,android v3 cast sdk crash,Fri Jul 15 04:01:07 +0000 2016,0.0,0.0,753801543204253697,715040107
google cast app,panel s verdict magic matchplay,Fri Jul 15 09:02:31 +0000 2016,0.5,1.0,753877393882972164,715090231
google cast app,quick video on wirelessly share student screeen via google cast for education,Fri Jul 15 19:20:20 +0000 2016,0.3333333333333333,0.5,754032870646288384,715192020
google cast app,google cast for free download difference between the original and chromecast2,Sat Jul 16 00:11:33 +0000 2016,0.3875,0.775,754106159959777280,716001133
google cast app,it s a game on  smart phones  with an called   google maps  and a cast of characters called  pokmon,Sat Jul 16 00:46:24 +0000 2016,-0.09285714285714287,0.5214285714285715,754114929469325316,716004624
google cast app,july 17,Sat Jul 16 03:06:05 +0000 2016,0.13636363636363635,0.45454545454545453,754150081541136386,716030605
google cast app,july 17,Sat Jul 16 03:11:33 +0000 2016,0.13636363636363635,0.45454545454545453,754151456110964736,716031133
google cast app,try out the league cast free for android to follow your rugby league podcast available on google play.,Sat Jul 16 20:08:45 +0000 2016,0.4,0.6000000000000001,754407443640225793,716200845
google cast app,be your chromecast list in your google cast ? be you used the hdmi extender as well? ;,Sat Jul 16 20:17:40 +0000 2016,0.0,0.0,754409688754716672,716201740
google cast app,try out the league cast free for android to follow your rugby league podcast available on google play.,Sat Jul 16 20:48:30 +0000 2016,0.4,0.6000000000000001,754417448363982848,716204830
google cast app,spinner compatspinner cannot be cast to com.example,Sun Jul 17 02:49:11 +0000 2016,0.0,0.0,754508215073673216,717024911
google cast app,want to google cast my bbc istore program to my tv please from the iphone .,Sun Jul 17 09:25:55 +0000 2016,0.0,0.0,754608056940593152,717092555
google cast app,league cast to listen to all ur rl podcast n rl radio in 1 place,Sun Jul 17 10:05:10 +0000 2016,0.0,0.0,754617934719352832,717100510
google cast app,league cast to listen to all ur rl podcast n rl radio in 1 place,Sun Jul 17 12:25:05 +0000 2016,0.0,0.0,754653148229341184,717122505
google cast app,league cast to listen to all ur rl podcast n rl radio in 1 place,Sun Jul 17 12:35:41 +0000 2016,0.0,0.0,754655813080416256,717123541
google cast app,league cast to listen to all ur rl podcast n rl radio in 1 place,Sun Jul 17 15:45:36 +0000 2016,0.0,0.0,754703606817972224,717154536
google cast app,glee cast  don t you want me | streaming on download android,Sun Jul 17 16:19:11 +0000 2016,0.0,0.0,754712058453643265,717161911
google cast app,le wage war on your cable box,Sun Jul 17 16:20:01 +0000 2016,-0.78,1.0,754712267774578688,717162001
google cast app,league cast to listen to all ur rl podcast n rl radio in 1 place htt,Sun Jul 17 17:10:21 +0000 2016,0.0,0.0,754724937739436032,717171021
google cast app,i be constantly have to disconnect and reconnect the device. no error on screen. google cast do t show device.,Sun Jul 17 20:32:57 +0000 2016,0.0,0.3333333333333333,754775919827398656,717203257
google cast app,to check your firmware,Sun Jul 17 22:06:18 +0000 2016,0.0,0.0,754799415412547584,717220618
google cast app,try out the league cast free for android to follow your rugby league podcast available on google play,Mon Jul 18 01:43:20 +0000 2016,0.4,0.6000000000000001,754854034050351104,718014320
google cast app,don t need it. it s an work on amazon fire stick,Mon Jul 18 02:09:23 +0000 2016,0.0,0.0,754860588702969856,718020923
google cast app,be your chromecast device list in the google cast on this device? what be you used to cast?,Mon Jul 18 18:10:02 +0000 2016,0.0,0.0,755102342173851648,718181002
google cast app,open the google cast ; locate your chromecast ; device setting ; tap name to change your chromecast s name.,Mon Jul 18 21:50:06 +0000 2016,0.25,0.75,755157724636278785,718215006
google cast app,me siri,Tue Jul 19 07:32:56 +0000 2016,-0.20833333333333334,0.5833333333333334,755304398750818304,719073256
google cast app,me siri,Tue Jul 19 07:45:16 +0000 2016,-0.15,0.5,755307502447763456,719074516
google cast app,i add a video to a playlist bring universal google cast functionality to every android with,Tue Jul 19 10:34:20 +0000 2016,0.0,0.0,755350050369396736,719103420
google cast app,new cast and visual announce for haikyuu!! 3rd season,Tue Jul 19 13:18:42 +0000 2016,0.1065340909090909,0.22727272727272727,755391414532399104,719131842
google cast app,droneflight first phantom 4 programmed flight with google earth and litchi . work great !!cast luc buel,Tue Jul 19 14:28:37 +0000 2016,0.625,0.5416666666666666,755409010111553536,719142837
google cast app,i create a multiplayer game with a google cast remote display ?,Tue Jul 19 14:51:22 +0000 2016,-0.25,0.30000000000000004,755414734967627776,719145122
google cast app,try out the league cast free for android to follow your rugby league podcast available on google play,Tue Jul 19 20:57:20 +0000 2016,0.4,0.6000000000000001,755506833356361729,719205720
google cast app,yeah or go under the google cast it should be in your menu,Wed Jul 20 01:32:52 +0000 2016,0.0,0.0,755576176140103680,720013252
google cast app,interesting summertime recipe for cast iron include frittata with pepper,Wed Jul 20 05:59:35 +0000 2016,0.5,0.5,755643295519346688,720055935
google cast app,sounds orchestral  cast your fate to the wind at android,Wed Jul 20 06:43:04 +0000 2016,0.0,0.0,755654239238647808,720064304
google cast app,be you see an error message? be your device list in the google cast ? when do this issue begin?,Wed Jul 20 15:25:27 +0000 2016,0.0,0.0,755785702168784896,720152527
google cast app,in the google cast,Wed Jul 20 16:21:39 +0000 2016,0.0,0.0,755799844288098304,720162139
google cast app,download the  basketball ghana  on google play store to cast your vote.,Wed Jul 20 17:08:58 +0000 2016,0.0,0.0,755811752986677248,720170858
google cast app,glee cast feat. gwyneth paltrow  landslide | streaming on download android,Wed Jul 20 17:41:05 +0000 2016,0.0,0.0,755819834173075456,720174105
google cast app,download the  basketball ghana  on google play store to cast your vote.,Wed Jul 20 19:58:15 +0000 2016,0.0,0.0,755854352913432577,720195815
google cast app,be your device list in the google cast ?,Wed Jul 20 23:03:25 +0000 2016,0.0,0.0,755900951991578624,720230325
google cast app,google cast for free download best wi fi speaker and music system for your device,Thu Jul 21 00:10:45 +0000 2016,0.7,0.55,755917896560349185,721001045
google cast app,google cast for education  chrome to wirelessly share computer screens,Thu Jul 21 18:50:19 +0000 2016,0.0,0.0,756199643910901760,721185019
google cast app,google cast for education be a free chrome worth a,Thu Jul 21 22:06:32 +0000 2016,0.35,0.45,756249024903143424,721220632
google cast app,used a samsung tv that allow you to google cast from the youtube only.,Thu Jul 21 22:49:10 +0000 2016,0.0,1.0,756259753140051968,721224910
google cast app,you should be able to cast every with chromecast,Sat Jul 23 15:34:00 +0000 2016,0.5,0.625,756875016499789828,723153400
google cast app,on the netflix,Sat Jul 23 21:06:20 +0000 2016,0.0,0.0,756958650560684032,723210620
google cast app,any idea when the window 10 pandora might get google cast?,Sun Jul 24 15:31:10 +0000 2016,0.0,0.0,757236691543416832,724153110
google cast app,be it plug directly into your tv s hdmi port? be it power by an external outlet? be it list in your google cast ?,Sun Jul 24 20:36:25 +0000 2016,0.05,0.25,757313507343859715,724203625
google cast app,really wish wwe would add chromecast support to their but at least i can google cast it from my tablet. wait for battleground!,Sun Jul 24 23:18:11 +0000 2016,-0.0875,0.30000000000000004,757354217619107841,724231811
google cast app,wwe need to add a fuckin google cast button to the damn,Sun Jul 24 23:51:49 +0000 2016,0.0,0.0,757362681888268288,724235149
google cast app,we have the google cast that allow you to control content you re casting.,Mon Jul 25 15:41:54 +0000 2016,0.5,1.0,757601780444327936,725154154
google cast app,to check your chromecast s firmware version,Mon Jul 25 16:10:35 +0000 2016,0.0,0.0,757608999474847746,725161035
google cast app,how vizio and google radically reinvent the tv,Mon Jul 25 16:58:23 +0000 2016,0.0,0.0,757621025421090816,725165823
google cast app,how to cast a chrome to chromecast,Mon Jul 25 18:35:20 +0000 2016,0.0,0.0,757645424068919297,725183520
google cast app,signordal  how to cast a chrome to chromecast,Mon Jul 25 18:53:49 +0000 2016,0.0,0.0,757650075447418880,725185349
google cast app,we suggest try to control content with the google cast when this hens.,Tue Jul 26 16:33:30 +0000 2016,0.0,0.0,757977152247754752,726163330
google cast app,be your device list in your google cast ? be you have trouble with a particular ? have you reboot your router?,Tue Jul 26 17:09:21 +0000 2016,-0.016666666666666677,0.26666666666666666,757986174585757696,726170921
google cast app,be your device list in your google cast ?,Tue Jul 26 17:20:14 +0000 2016,0.0,0.0,757988912237256704,726172014
google cast app,i can t find this offer in the google cast . can you help me?,Tue Jul 26 17:25:09 +0000 2016,0.5,1.0,757990151683510272,726172509
google cast app,when 7 on 7 end and you put them pad onplayerpod,Tue Jul 26 17:54:25 +0000 2016,0.0,0.0,757997517002928128,726175425
google cast app,love the google cast . it s awesome and you can stream on tv right from your phone.,Wed Jul 27 17:50:01 +0000 2016,0.5952380952380952,0.7119047619047619,758358797765140480,727175001
google cast app,do you have any google cast fix due? it s painfully buggy to use the android with audio casting at the moment,Wed Jul 27 21:08:32 +0000 2016,-0.35833333333333334,0.7583333333333333,758408755084165120,727210832
google cast app,unfortunately,Wed Jul 27 21:54:02 +0000 2016,0.18333333333333335,0.6333333333333333,758420204485566464,727215402
google cast app,any chance of usa now come to google cast aka chromecast ? would rather watch ur show on big tv than little tablet.,Thu Jul 28 07:34:35 +0000 2016,-0.09375,0.3,758566307327451136,728073435
google cast app,ooh. so i m on my phone listening to a podcast and the brings up the  cast  icon  which offers a  nearby google device  to cast to.,Thu Jul 28 10:03:02 +0000 2016,0.1,0.0,758603662960635904,728100302
google cast app,how can i pass firebaseauth token from my to google cast custom receiver ?,Thu Jul 28 11:03:52 +0000 2016,0.0,0.0,758618972069715968,728110352
google cast app,look like nbc sport get its google cast update today. look pretty good watch the f1 paddock pass through it.,Fri Jul 29 01:06:46 +0000 2016,0.475,0.8,758831097018847232,729010646
google cast app,look like nbc sport get its google cast update today. look pretty good watch the f1 paddock pass through it.,Fri Jul 29 01:33:19 +0000 2016,0.475,0.8,758837778431881222,729013319
google cast app,. now have google cast icon,Fri Jul 29 10:28:37 +0000 2016,0.1,0.75,758972492358688768,729102837
google cast app,hey the google cast extension for your iphone be busted. quality be trash and frame rate be janky,Sat Jul 30 04:47:30 +0000 2016,0.0,0.0,759249033521225728,730044730
google cast app,any chance that an amazon video update be come that feature google cast capability? i would love to watch prime on my new tv.,Sat Jul 30 15:14:17 +0000 2016,0.3181818181818182,0.5272727272727272,759406767784628228,730151417
google cast app,how to cast your android screen to a window 10 pc,Sat Jul 30 17:02:17 +0000 2016,0.0,0.0,759433946773893121,730170217
google cast app,have you listen to this week s now on league cast the free rugby league audio on google play,Sat Jul 30 17:03:52 +0000 2016,0.4,0.8,759434344888950784,730170352
google cast app,the new episode ofis on league cast the free rugby league radio on google play,Sat Jul 30 17:07:56 +0000 2016,0.2681818181818182,0.6272727272727273,759435370052325376,730170756
google cast app,this android browser let you cast almost any video to chromecast,Sat Jul 30 18:38:09 +0000 2016,0.5,0.5,759458074260230145,730183809
google cast app,how to play background music and audio on xbox one search for the podcasting cast or the music pando,Sat Jul 30 20:35:33 +0000 2016,0.0,0.0,759487620044824576,730203533
google cast app,the new episode ofis on league cast the free rugby league radio on google play,Sat Jul 30 23:09:04 +0000 2016,0.2681818181818182,0.6272727272727273,759526252176773120,730230904
google cast app,hi marco love overcast! feature request ability to cast to google cast chromecast,Sun Jul 31 01:11:57 +0000 2016,0.0,0.0,759557178126573568,731011157
google cast app,turn out,Sun Jul 31 10:25:29 +0000 2016,0.2416666666666666,0.6666666666666666,759696479904608256,731102529
google cast app,how to cast your android screen to a window 10 pc,Sun Jul 31 14:00:04 +0000 2016,0.0,0.0,759750481665286144,731140004
google cast app,google to rebrand the chromecast as google cast,Sun Jul 31 15:39:18 +0000 2016,0.0,0.0,759775453594914816,731153918
google cast app,dear android user,Sun Jul 31 17:40:00 +0000 2016,1.0,1.0,759805828039704576,731174000
google cast app,dear android user,Sun Jul 31 19:25:19 +0000 2016,1.0,1.0,759832333188935680,731192519
google cast app,what be the chance we get google cast build into the library so that we can stream content onto newer tvs?,Sun Jul 31 19:55:56 +0000 2016,0.0,0.0,759840036623781888,731195556
google cast app,add google cast support to the fm radio plz,Mon Aug 01 01:01:36 +0000 2016,0.0,0.0,759916960469573633,801010136
google cast app,a remote would be lovely for your chrome cast. it s hard to go back to a spot without rewind function,Mon Aug 01 08:28:20 +0000 2016,0.027083333333333334,0.3729166666666667,760029385562828800,801082820
google cast app,google to rebrand the chromecast as google cast,Mon Aug 01 13:11:35 +0000 2016,0.0,0.0,760100664777244672,801131135
google cast app,today s update of nbc sports  officially  adds google cast support,Mon Aug 01 19:04:11 +0000 2016,-0.3,0.4,760189401108451328,801190411
google cast app,today s update of nbc sports  officially  adds google cast support,Mon Aug 01 19:06:14 +0000 2016,-0.3,0.4,760189916840071168,801190614
google cast app,can you clear the google play s cache and delete the s data? be you able to cast this video from a different device?,Tue Aug 02 16:50:34 +0000 2016,0.19999999999999998,0.5361111111111111,760518162542686208,802165034
google cast app,hm,Tue Aug 02 17:06:29 +0000 2016,-0.016666666666666663,0.2833333333333334,760522169281548289,802170629
google cast app,when do this issue begin? have you try reboot your s7? can you try clear the cache for the google cast ?,Tue Aug 02 17:12:53 +0000 2016,0.0,0.0,760523777457414144,802171253
google cast app,be you able to control content via the google cast when your device lose connection with the netflix ?,Tue Aug 02 21:56:33 +0000 2016,0.1,0.3625,760595166327607296,802215633
google cast app,i be just able to stop cast with the google cast when the netflix stop respondingbut often the cast doesnt;,Tue Aug 02 22:01:40 +0000 2016,0.5,0.625,760596452426981376,802220140
google cast app,it be work with your . it work with the chromecast,Tue Aug 02 22:57:06 +0000 2016,0.0,0.0,760610403080470530,802225706
google cast app,google cast for free download chromecast have rank top in the list of best selling hardware product,Wed Aug 03 00:03:13 +0000 2016,0.45,0.65,760627041121210368,803000313
google cast app,get it. thank you for clarifying. we ll let our team know you d like to see our work with google cast on vizio,Wed Aug 03 01:14:00 +0000 2016,0.0,0.0,760644857610301441,803011400
google cast app,create sample google cast using  by web9719,Wed Aug 03 10:14:35 +0000 2016,0.0,0.0,760780898841264128,803101435
google cast app,mobile wanted! create sample google cast using  by web9719 looking for it now!,Wed Aug 03 10:48:10 +0000 2016,0.0,0.0,760789351429054464,803104810
google cast app,i do have extension installed. i be look for the common option,Wed Aug 03 17:00:17 +0000 2016,-0.3,0.5,760882995674906625,803170017
google cast app,yes to that effect. google cast for education  is completely uninstalled from chrome. i know this is an oddball issue.,Wed Aug 03 20:56:22 +0000 2016,0.1,0.4,760942406636220416,803205622
google cast app,why do the sport not use google chromecast for video? i don t want to fire up my pc just to cast video to my tv.,Wed Aug 03 21:09:56 +0000 2016,0.0,0.0,760945821995175936,803210956
google cast app,as of chrome 51 google cast be now build in. and i can t cast youtube video to the youtube on my smart tv anymore used it. sigh,Wed Aug 03 22:00:43 +0000 2016,0.21428571428571427,0.6428571428571429,760958604870647808,803220043
google cast app,just updated cast controller to v1.8  to play on your tv,Thu Aug 04 05:19:59 +0000 2016,0.13636363636363635,0.45454545454545453,761069147748839425,804051959
google cast app,hey midge! we d recommend turning off guest mode from your google cast . more info here  cm,Thu Aug 04 12:47:54 +0000 2016,0.5,0.5,761181868079407104,804124754
google cast app,be your device show up in the google cast despite not be visible on your tv?,Thu Aug 04 15:26:39 +0000 2016,0.0,0.0,761221819160559616,804152639
google cast app,you forward this to your devs? can help you out!,Thu Aug 04 16:56:32 +0000 2016,0.0,0.0,761244440430276608,804165632
google cast app,gwyneth paltrow,Thu Aug 04 17:19:28 +0000 2016,0.13636363636363635,0.45454545454545453,761250210140024841,804171928
google cast app,pantera  i ll cast a shadow | streaming on download android,Thu Aug 04 17:35:34 +0000 2016,0.0,0.0,761254261577494528,804173534
google cast app,sure thing! open your google cast ; locate your chromecast device ; device setting ; tap on your device s name to adjust,Thu Aug 04 17:38:24 +0000 2016,0.3125,0.6944444444444444,761254977188790273,804173824
google cast app,when this hen,Thu Aug 04 17:51:20 +0000 2016,0.5,0.625,761258229762580481,804175120
google cast app,be your device list in the google cast ? do the issue persist when you use a different device to cast?,Thu Aug 04 18:09:36 +0000 2016,0.0,0.6,761262830112964608,804180936
google cast app,ok,Thu Aug 04 19:16:33 +0000 2016,0.25,0.5,761279677675802625,804191633
google cast app,try rename the chromecast name used the google cast on your phone.wait for it to change then open netflix.,Thu Aug 04 20:48:15 +0000 2016,0.0,0.5,761302754732236800,804204815
google cast app,thank so much for flagging! how about this link?,Thu Aug 04 21:57:13 +0000 2016,0.225,0.2,761320109054922752,804215713
google cast app,check this link here it will allow you to cast the to your tv used this device. ^ash,Fri Aug 05 14:41:04 +0000 2016,0.0,0.0,761572736569401344,805144104
google cast app,only need a tv with hdmi. u don t download chromecast,Fri Aug 05 20:56:44 +0000 2016,0.0,1.0,761667275468443648,805205644
google cast app,rio s opening ceremony aim to cast troubled game in new light,Fri Aug 05 23:11:28 +0000 2016,0.012121212121212125,0.7181818181818181,761701184323354624,805231128
google cast app,league culture 27 with on the free rl audio on google play,Sat Aug 06 11:42:53 +0000 2016,0.4,0.8,761890283093127172,806114253
google cast app,when can we expect a google ? i use chrome cast,Sat Aug 06 15:31:14 +0000 2016,0.0,0.0,761947749847863296,806153114
google cast app,so the nbc win t cast. i think it be my device,Sat Aug 06 18:24:11 +0000 2016,0.0,0.0,761991274350149636,806182411
google cast app,open up the google cast ; locate your chromecast device ; setting ; tap on the wifi network to adjust.,Sat Aug 06 19:56:12 +0000 2016,0.0,0.5,762014429093437444,806195612
google cast app,don t know if you have fix it but i ve found open it directly from the google cast work most of the time.,Sat Aug 06 20:46:25 +0000 2016,0.2333333333333333,0.3666666666666667,762027069240926208,806204625
google cast app,do your support google chrome cast?,Sat Aug 06 21:55:23 +0000 2016,0.0,0.0,762044423207133184,806215523
google cast app,use window 10 anniversary update s connect to cast your &lt;b;android&lt;b; phone,Sun Aug 07 10:10:20 +0000 2016,0.0,0.0,762229379489468416,807101020
google cast app,use window 10 anniversary update s connect to cast your android phone to your pc,Sun Aug 07 10:12:35 +0000 2016,0.0,0.0,762229948782305281,807101235
google cast app,use window 10 anniversary update s connect to cast your android phone to your pc,Sun Aug 07 10:17:16 +0000 2016,0.0,0.0,762231127197167616,807101716
google cast app,use window 10 anniversary update s connect to cast your android phone to your pc if you have i,Sun Aug 07 10:24:00 +0000 2016,0.0,0.0,762232821121323008,807102400
google cast app,oh i meant the chromecast  google cast . then you use that to mirror the contents of your phone. your chromecast is 5hz?,Sun Aug 07 10:37:19 +0000 2016,0.0,0.0,762236169425825798,807103719
google cast app,use window 10 anniversary update s connect to cast your android phone to your pc,Sun Aug 07 10:43:54 +0000 2016,0.0,0.0,762237827232829440,807104354
google cast app,cannot be cast,Sun Aug 07 13:27:12 +0000 2016,0.0,0.0,762278922486632454,807132712
google cast app,use window 10 anniversary update s connect to cast your android phone to your pc,Sun Aug 07 13:34:39 +0000 2016,0.0,0.0,762280796845666304,807133439
google cast app,hey,Sun Aug 07 15:58:26 +0000 2016,0.01666666666666672,0.8472222222222222,762316984012996609,807155826
google cast app,use window 10 anniversary update s connect to cast your android phone to your pc if you have install,Sun Aug 07 17:44:07 +0000 2016,0.0,0.0,762343578479628288,807174407
google cast app,have you try delete the google cast,Sun Aug 07 20:36:49 +0000 2016,0.0,0.0,762387039622983680,807203649
google cast app,have you try control content via the google cast when you re casting?,Sun Aug 07 20:37:35 +0000 2016,0.0,0.0,762387234679099393,807203735
google cast app,luckily google be smarter than the nbc and i can cast my device screen wo have to involve the nbc .,Sun Aug 07 23:37:47 +0000 2016,0.3333333333333333,0.8333333333333334,762432583971934209,807233747
google cast app,its in google cast under offers.,Mon Aug 08 09:43:56 +0000 2016,0.1,0.0,762585122663268352,808094356
google cast app,problem with google chrome cast after new update also,Mon Aug 08 10:16:15 +0000 2016,0.13636363636363635,0.45454545454545453,762593258753196032,808101615
google cast app,be your io compatible with google cast?,Mon Aug 08 16:12:33 +0000 2016,0.0,0.0,762682922411360256,808161233
google cast app,i continue to have issue with your . today when i try to cast to chromecast i get a google error. your product stinks.,Mon Aug 08 16:26:58 +0000 2016,-0.6,0.5,762686550970740736,808162658
google cast app,use window 10 anniversary s connect to cast your smartphone screen to your pc the connect in,Mon Aug 08 16:31:12 +0000 2016,0.0,0.0,762687614734311424,808163112
google cast app,additional i wanto know if there be a way to cast from the xfinitytv on io or android to a tv via airplay or google cast,Tue Aug 09 03:00:42 +0000 2016,0.0,0.0,762846035697774592,809030042
google cast app,a cast be ready. however,Tue Aug 09 03:53:37 +0000 2016,0.06666666666666667,0.35555555555555557,762859351233081344,809035337
google cast app,a cast be ready. however,Tue Aug 09 03:53:54 +0000 2016,0.06666666666666667,0.35555555555555557,762859423979048961,809035354
google cast app,check cast for education ! ; can now share their screen,Tue Aug 09 08:36:01 +0000 2016,0.0,0.0,762930421852012545,809083601
google cast app,nope not much helpful link i guess. it have all related to development not the google cast device info,Tue Aug 09 16:45:45 +0000 2016,-0.05,0.30000000000000004,763053667075448832,809164545
google cast app,and show how to mirror with new google cast . awesome!,Tue Aug 09 17:46:46 +0000 2016,0.5681818181818181,0.7272727272727273,763069023198162945,809174646
google cast app,can you try disconnect the cast session? be you able to pause via the google cast on a mobile device?,Tue Aug 09 19:09:32 +0000 2016,0.5,0.625,763089848324489217,809190932
google cast app,lebrun develops fishing  flash forward a few months and a few thousand dollars and exact cast bass fishing,Tue Aug 09 20:31:15 +0000 2016,-0.07500000000000001,0.2375,763110415744266240,809203115
google cast app,what be you try to cast from? be your device list in your google cast ?,Tue Aug 09 20:37:06 +0000 2016,0.0,0.0,763111888154660864,809203706
google cast app,be your device list in your google cast ? can you clear the netflix s cache and delete its data?,Tue Aug 09 20:40:07 +0000 2016,0.10000000000000002,0.3833333333333333,763112646048645120,809204007
google cast app,lebrun develops fishing  flash forward a few months and a few thousand dollars and exact cast bass fishin,Tue Aug 09 20:49:57 +0000 2016,-0.07500000000000001,0.2375,763115122147463168,809204957
